Symbol,Sector,TATA_Z,DSRI_Z,AQI_Z,P_OCF_Z,PEG_Z,DuPont_Discrepancy_Z,Anomaly_Label,Anomaly_Score,PCA_1,PCA_2
3MINDIA,Diversified,0.2999355657387288,-0.6619458321188253,-1.0369471743813412,1.132089140924163,-1.1416543811920643,1.1543461832104869,1,0.03312427184213451,1.0913262300439235,-1.3835048362530857
AARTIIND,Chemicals,-0.8981801881823205,-0.7443999067466864,0.069926958624497,-0.6635945929818624,-0.2364834893944558,-0.6220041151951481,1,0.13311778821661857,-1.4009080440071775,-0.4920958010987201
ABBOTINDIA,Healthcare,0.5754858877877562,0.1398905508031457,-1.1431170796899268,-0.0783073806996712,-0.1317887730823485,0.4213524841649494,1,0.12380031264921049,0.3759151547516749,0.11656126014287052
ACC,Construction Materials,1.0574006420809847,1.09189682314591,0.8789520220390612,-0.3188675900067391,0.6597606061911494,-0.936636141132329,1,0.08787627678949345,0.33269936822388674,1.311763260413382
ACE,Capital Goods,-0.2404701017331357,1.3255642098856006,0.7059518202353414,-0.174758108511884,0.1402318531779703,-0.6265349058334047,1,0.12649288568710337,-0.13087906692049783,0.7134389747337909
ADANIENT,Metals & Mining,0.8724036809766358,-0.4517201169125567,-0.1590330895615281,1.8321750785371496,0.0573080040662194,-0.4456003438063139,1,0.10485452942883666,1.1333155403761959,0.06298917023625357
ADANIPORTS,Services,-0.2181606067827346,0.053775184929443,-0.2190137620593334,-0.3190543477403305,-0.1025219314424855,-0.454476274968504,1,0.16180487018777145,-0.5654125432030018,0.07287467492710688
AEGISLOG,Oil Gas & Consumable Fuels,1.8449440429764452,1.8054847744597728,0.0327867821471452,1.7394789790309555,-0.2297259383572297,-0.7007018507680078,1,0.03840141781876605,2.1293454895064374,1.039659153697272
AFCONS,Construction,0.3623046640020662,-0.3920008915257308,0.3599988048588206,-2.5427883950037047,1.694901100798432,-0.9608366823812254,1,0.02270178957705804,-1.7869246745676697,1.559372188751382
AGARWALEYE,Healthcare,-0.6398235603436534,-0.3121730932127778,0.1167773454103788,-0.2132254566081452,0.1642528200294102,-0.3053851512091064,1,0.15588745146136934,-0.724640950255631,-0.05024976268595563
AIAENG,Capital Goods,-0.4067959763593424,0.014943314754209,-0.7993937386285781,-0.1693357468613083,-0.6851694569354507,-0.4727821229757754,1,0.14673594955865815,-0.6839301283211967,-0.34629052997841425
AJANTPHARM,Healthcare,-0.4010570774510217,-0.9590155849932724,0.4320577976179091,-0.2421784957749513,-0.1269222610098441,0.0192697440219355,1,0.1453944856610198,-0.5522600425572567,-0.6834231692843298
AKZOINDIA,Consumer Durables,0.8057498194586772,-0.1578714514687875,-0.1485312939906886,0.2577585207318967,0.6446174327466442,3.1910066406597104,1,0.042482739561444105,2.1916059125024354,-0.34530100642708117
ALKEM,Healthcare,0.1200457404558472,0.0240346875218434,0.2766073994598663,-0.212729841329724,-0.1447433446558802,-0.1578990626090664,1,0.15440573602614283,-0.09345713232561133,-0.09633923950717142
ALKYLAMINE,Chemicals,-0.2630829854763674,-0.3030290630976118,3.477766780083703,-0.1025539297637822,0.2716685948895525,0.157602025616459,1,0.07556034959824676,0.2711714249835765,-0.6272299996949341
AMBUJACEM,Construction Materials,0.99785725887981,0.8757150952477878,1.0130423018901862,0.1342552148787295,-1.0411562147853726,-0.7477899061869725,1,0.07093424071822385,0.6372501247114136,-0.26908097737356
ANANTRAJ,Realty,1.5548997345892506,-0.0562585231663896,0.7958561786407558,0.8918603472613023,0.3722481072710116,-0.6985862795785978,1,0.07786692068006185,1.1081796331918605,0.5494132552409347
APARINDS,Capital Goods,-0.8063724852515143,-0.5804164740498005,0.3182686508810519,-0.1800776723737989,-1.4205276588849944,0.3070741433488298,1,0.0942105047859928,-0.49882631526805793,-1.6973691163575446
APLAPOLLO,Capital Goods,-1.0625338988982784,2.3465834306233258,0.6099562033373153,-0.1686156693258161,1.822016019716248,0.0282066697386442,1,0.014988164427165385,-0.035311839406993145,2.2195077315067735
APLLTD,Healthcare,0.5390782268149568,1.0558238008418026,-0.3565876878682237,0.6611322521265104,-0.2461475187571985,-0.1594963393913872,1,0.12808009763375405,0.8115504038402147,0.42805348507621876
APOLLOHOSP,Healthcare,-0.2841364410907476,-0.0491954509811442,0.0506382133449012,-0.1599499300248687,-0.1506493117230393,-0.1891700008661813,1,0.16256877806976555,-0.36495433067698757,-0.15391073638551517
APOLLOTYRE,Automobile and Auto Components,-0.4246094637737743,0.3192602865944956,-0.0998364173264377,-0.2785947055535887,-0.1849754113909849,-0.2467711277386902,1,0.1593103506362003,-0.4666737621542809,0.006617179496178038
ARE&M,Automobile and Auto Components,-0.675196201160492,-0.1244822584262967,-0.3873941431494388,-0.3495622701694992,2.0659622597794662,-0.2477418742259095,1,0.1144181109015705,-0.8429995165982873,1.645848081516656
ASAHIINDIA,Automobile and Auto Components,-0.874512566139659,0.6258212037911005,-0.5864629099172608,-0.1815748473511283,0.7109331728389892,-0.4057032381344446,1,0.124810669831812,-0.7591631287524114,0.9227386315436876
ASHOKLEY,Capital Goods,0.2812446492478273,-0.9256110101663676,-0.1709890365162132,1.7335198700683585,0.153873689879369,3.999899485425236,-1,-0.015814182140544975,2.932013196446208,-1.4604778630534827
ASIANPAINT,Consumer Durables,-0.3404443182471668,-0.4590597620878579,-0.2416563162451901,0.2936375788662739,-0.429802958549794,1.145840573999792,1,0.11469794310481163,0.4070068772487583,-0.9277965188756496
ASTERDM,Healthcare,6.350632125698411,-0.3428696045373836,2.5717818898210973,6.686158124360597,-0.1657254202040275,6.065046879173573,-1,-0.23237012504440335,10.799297648868642,-1.7289316260987484
ASTRAL,Capital Goods,-0.517637507944949,0.2423346200390315,-0.39817496357395,-0.0762498223777065,-2.4151089952853875,-0.2280442675634484,1,0.0936660449047318,-0.42539397033469084,-1.8114540875989258
ASTRAZEN,Healthcare,0.2802138949567328,-0.7051057306668118,-0.2254789893066956,0.7951282638629376,-0.228858436846379,-0.0312881489612617,1,0.13191935477087113,0.36334385913503986,-0.449476304113903
ATGL,Oil Gas & Consumable Fuels,-0.0280477848037437,-0.3462715656096323,0.0277927676871559,3.2469645815678545,-0.5746248177656605,-1.311943769969545,1,0.004411117585070512,1.0069592370635172,-0.385820585148926
ATUL,Chemicals,-0.0469798146291606,-0.0846310441538778,-0.6040487098471338,-0.3642934470387113,0.1232721340552996,-0.5167303044243876,1,0.15449995380969278,-0.6179914361650524,0.3104119543334263
AUROPHARMA,Healthcare,-0.0756054172714095,0.1584712455426261,-0.2009628766407062,-0.2958978704418946,-0.1360098518537208,-0.3067700187902651,1,0.16250034986794332,-0.3628184235830547,0.06872037513118187
BAJAJ-AUTO,Automobile and Auto Components,2.8509886500099912,-0.5771661307552545,-0.2324983776070632,-1.38109746161503,-1.03773009991046,0.5429370306754381,1,0.0014017999490394395,0.9900750623177331,-0.70461178984373
BALKRISIND,Automobile and Auto Components,-0.0963374932344568,-0.494520470650329,-0.1455912908525129,-0.2437073839307592,0.287273306971685,-0.1632510920946729,1,0.15955308447845384,-0.43972515133113216,0.06438003650759194
BALRAMCHIN,Fast Moving Consumer Goods,-0.0628291660184972,0.1099741152098164,0.0458906782632618,-0.5272384982129107,-0.4094137136791848,-0.6006747465968086,1,0.15242472388453487,-0.6102365043488287,-0.12100346999473352
BASF,Chemicals,0.6438284007491367,-0.3754357769523753,-0.4192039869044063,0.634060720436438,-0.3468072593708818,-0.3271926899439417,1,0.13508265766564098,0.39008858179796063,-0.21145546678310428
BATAINDIA,Consumer Durables,-1.7632448612634948,1.852471179650676,1.1068572259929803,0.2745916963730824,-0.064572000750564,1.36055140360628,1,0.0018737677457012492,0.47233120503086573,-0.13933629052141958
BAYERCROP,Chemicals,1.390315314681742,-0.4179700624126348,-0.4262023356370938,0.9936907454127076,-0.138647392983142,4.324325041124609,-1,-0.016909706886438114,3.4336558767015855,-1.3093302715841213
BBTC,Fast Moving Consumer Goods,-1.597140738971887,-0.3261863210030061,1.265447360293546,-0.7252603544845159,-0.3428060067448704,0.1189940905458837,1,0.0747977759748602,-1.1726424759668554,-0.9327316305468834
BDL,Capital Goods,0.227013513371923,3.1215807908307487,0.3588497048373441,0.4675920036624852,-1.0061905430723823,0.5693329215705,1,0.011838164621073677,1.5551171960902508,0.347308070847534
BEL,Capital Goods,1.388371936915074,0.023269739109361,-0.2071399089807248,1.0074570979627695,0.1944943093699594,1.4847129411353832,1,0.0736846233483337,2.0978087401362635,-0.052861538412525846
BEML,Capital Goods,0.0332640637440437,0.6042926564975022,-0.2677045872695148,-0.037703049745757,1.642421417821749,-0.1781821665356258,1,0.11992096039989464,-0.011782800447924655,1.6907993556560519
BERGEPAINT,Consumer Durables,-0.0752508116688093,0.6252549091436354,-0.277497096137369,0.2919995922210128,3.7255490585850817,-0.0506871061356046,1,0.04362766991733935,0.14534668679731338,3.322439986953196
BHARATFORG,Automobile and Auto Components,-0.7204507011686724,-0.4115963987307048,-0.2369724110045639,-0.2304063290344305,-4.249487458799145,0.1679694504413935,1,0.02005003586592158,-0.5391404604124962,-3.760876210655151
BHARTIARTL,Telecommunication,0.1691965081893408,1.8157190299159072,-0.0426472836662009,-0.5645656468345168,0.261914887634073,-0.0001036771548486,1,0.11728847104304191,0.23716017816297277,1.0615847580293594
BHARTIHEXA,Telecommunication,0.0869827667394348,-2.072965667969497,0.3886365023862813,-0.4267450727314767,0.3261698503828961,-0.4751184307270635,1,0.08225850924207784,-0.9335486090351347,-0.5712750708017226
BHEL,Capital Goods,-0.5653527621020719,-0.0949074389831994,-0.3438781014650988,-0.1282192218979262,0.262155936307873,-0.9673088866677068,1,0.14369051634332275,-0.9903350147874574,0.4092130041566456
BIKAJI,Fast Moving Consumer Goods,-0.0268605369414527,-1.0231399125617595,-0.9397518491799882,0.2527543464130985,-0.5222079886170018,-0.5911034795062807,1,0.12326248786513622,-0.5851781529641511,-0.5696244369973839
BIOCON,Healthcare,-0.4401191674321548,-1.103505226992118,-0.2711141419344356,-0.259778743226347,-1.589040232832886,-0.2933300576253492,1,0.10645703948636248,-0.8613808953526021,-1.723609035215454
BLS,Consumer Services,-0.9434221150927136,2.570802340241096,3.61676105959617,-0.2280010721912341,-0.0703087097643843,-0.6188172167980873,1,0.010460042655460744,0.17576807357190816,0.4676017599822068
BLUEDART,Services,-1.4499489595749442,0.1653446449009743,-0.6331334803364435,-0.3702696156432765,-1.245435076526575,0.221896482561572,1,0.0743938761146592,-0.9634545309793063,-1.1311706384878657
BLUEJET,Healthcare,1.549647357911389,1.4965488301283325,-1.4172432394697896,0.6819323026317553,-0.1611373382783265,-0.2527063987996275,1,0.061052474377124355,1.3217022738302016,1.0736079502208655
BLUESTARCO,Consumer Durables,-0.1104457822197799,-0.9402361580719486,-0.4214938976235204,0.2950985200062135,-0.1416812678430866,-0.2929137121696,1,0.14749236251909376,-0.36567016508279016,-0.41809117334838736
BOSCHLTD,Automobile and Auto Components,-0.2842198726080061,-0.2010290156284053,0.0677546857308455,-0.2233836484766839,-0.3017368151250518,-0.0266524845721709,1,0.15800648849206106,-0.3498856927438655,-0.39195550685717834
BPCL,Oil Gas & Consumable Fuels,-0.2908612097416928,0.5381602317791505,-0.046080870280877,-0.4878214424057135,-0.2446654484837548,0.6949862955114756,1,0.1311231536231719,0.0521023019873916,-0.19881868081951326
BRIGADE,Realty,-0.4978308522926202,1.2825157076035554,-0.0561967074422061,-0.5242711322420229,0.30407589282406,-0.4506342352715446,1,0.1254173714721482,-0.5023978620615644,0.8804564109360808
BRITANNIA,Fast Moving Consumer Goods,-0.6573286735963892,-0.2396259569588198,1.9368692834546413,-0.1600954293569192,1.3155657129497047,1.14178227820131,1,0.04926182055831796,0.30780252834288346,0.1673483550545733
BSOFT,Information Technology,-0.1801276927890585,0.3335415348750686,-0.4013869269884579,0.1362247801409484,-0.0189065381012734,-0.5765105300262215,1,0.15626296324046784,-0.30972535441124077,0.32160919719684
CAMPUS,Consumer Durables,-1.4294755464191196,0.6016191941368304,1.82293819446593,0.2751617033454554,-0.1376258841410392,-0.5269744584327131,1,0.07726496121896453,-0.5431305640471086,-0.2737908319791438
CAPLIPOINT,Healthcare,0.2734774409827878,-0.2338005717679552,0.3566009505268903,-0.2167883564772189,-0.1433312873526235,-0.2597245117100877,1,0.1553813086489721,-0.11600975470585294,-0.16852958560345474
CARBORUNIV,Capital Goods,-0.2607386147086454,0.0929270150188044,-0.2640348211902865,-0.0326589462249189,-0.3002029994841579,-0.4186344843877161,1,0.1584684947030689,-0.405953827399415,-0.09056021540043123
CCL,Fast Moving Consumer Goods,-0.0093885710589354,0.1491510864141157,2.235238133696686,-0.2800521816575359,-0.2666539364908276,-0.611327316710168,1,0.11771438308195242,-0.1311994479974982,-0.3704296256613918
CEATLTD,Automobile and Auto Components,-0.9425365815805612,0.5404358718878407,-0.1377319332809002,-0.3497120002553858,-0.1833275103096346,-0.2054534829006536,1,0.1402991114532342,-0.7314975689788815,0.017654182459143058
CENTURYPLY,Consumer Durables,0.8080269809039505,0.0573926342650724,-0.2609750670594486,-4.098163313557492,-0.4140007153721979,-0.7632052500534289,1,0.03610758906931355,-2.2235871552027375,0.2349042116720785
CERA,Consumer Durables,1.2590442851240673,1.522356459775012,-0.0940347841918007,0.2951881479689531,0.326658809970085,-0.1590045266426175,1,0.09647675439532727,1.1746597380349846,1.18698259086069
CESC,Power,0.5451141890286729,0.3176802819626103,-0.2493711293469285,-0.3864464807402279,-1.515490069886486,0.3799356936640393,1,0.09436943357312255,0.36078621702090663,-1.0642772634300643
CGPOWER,Capital Goods,-0.1696071657407386,0.0221148317229418,-0.1705850311194813,0.0263471363160088,-0.4021397681813008,0.49783745031797,1,0.14091494158615214,0.1542631938113592,-0.4760067698044465
CHAMBLFERT,Chemicals,0.8044041808929936,2.899920504176337,0.0213065080685909,-0.6852982432034083,0.0766924677069125,0.1645079422412054,1,0.06377143784398909,0.9172430334383397,1.4442068436918662
CHENNPETRO,Oil Gas & Consumable Fuels,-1.019471947214071,-2.2148507455546587,1.5226249207896714,-0.6156132878674881,-0.2445543340895468,1.2146413379642058,1,0.02515978981220013,-0.662593841484069,-1.9664842050385565
CIPLA,Healthcare,0.0596841389218478,0.1135272636762217,-0.3507637612055507,-0.2624291963646825,-0.1536082585103667,-0.1877960719346148,1,0.16081550978937037,-0.23658858390779994,0.047228875249873306
CLEAN,Chemicals,0.9519007363266424,-0.1112969085390913,-0.3347040671368769,0.2670774481903359,0.6009506236195498,0.1850046200089737,1,0.12270521098466552,0.6981184293585193,0.5749032601584159
COALINDIA,Oil Gas & Consumable Fuels,2.38360224262291,-0.337959141202216,2.2340318710217626,-0.2054560421727252,-0.2524539021290047,2.9499363875809115,-1,-0.029387172013173313,3.0249621839002145,-1.2214702310802312
COCHINSHIP,Capital Goods,0.9417501393316994,-1.667556329447006,-0.5672805863882965,-0.6750612830354543,1.2907019008608336,0.3235412964050219,1,0.0264168637788732,-0.2049170658044957,0.47696039076049745
COFORGE,Information Technology,-0.5645452772575938,0.7913458006051556,0.0751598235250851,0.1996272714050082,-0.2225681688091791,-0.3187178095262177,1,0.14285149314506107,-0.17256112501293036,0.13470743526177925
COLPAL,Fast Moving Consumer Goods,0.1427155429667621,0.4448194552474008,0.6903720831931626,-0.2583590785725847,-0.0959937692876376,3.69493900529002,1,0.022557585229326327,2.0732511065496646,-1.0626651351792524
CONCOR,Services,0.0114800925694153,0.4289856039153857,-1.8382553809551063,-0.1203958605694058,2.36058957792302,1.075494154508872,-1,-0.005607199796157758,0.30575127572600064,2.104479387754191
CONCORDBIO,Healthcare,0.5285058498028304,0.9864492525458388,2.232734065092825,-0.0049045089382491,-0.1327570586462439,-0.1281992066545176,1,0.0968922807571222,0.7992255031339544,0.04837247189604816
COROMANDEL,Chemicals,0.0966742522958138,-0.8403471464515453,0.7495037975723683,-0.3247737878854321,0.1821610988777577,0.0370620061493369,1,0.14364648436557997,-0.23033488244120082,-0.355385690350385
CRAFTSMAN,Automobile and Auto Components,-0.1926039832023878,0.9091912847627476,-0.5471676747973482,-0.1363236389877173,-0.2498680330553622,-0.6129030566084424,1,0.1488689355041906,-0.35385900147443483,0.4349977860623835
CROMPTON,Consumer Durables,-0.4058671354652816,-0.6205241581244032,-0.4319704605090734,0.2695861472634774,-0.1719748600613779,-0.1681415978632583,1,0.14674735299106767,-0.4031509704771019,-0.38316153157373195
CUMMINSIND,Capital Goods,0.2051896933779726,-0.4068551083155565,-0.3187322575428984,-0.0668878414755103,0.4463484729689793,3.1625074031959106,1,0.06772905264002788,1.5646251689835442,-0.6656644154805484
CYIENT,Information Technology,-0.323628613332773,0.9095077210073222,-0.4777283585764066,0.1135594332172325,-0.0392477603698527,-0.4742081686508435,1,0.14783385913874775,-0.212416516284628,0.521791617947201
DABUR,Fast Moving Consumer Goods,-0.3143224753980191,-0.5851732240261109,-0.3182729138181501,-0.2853828122722581,-0.9281152835124774,-0.2686079823549291,1,0.14507827220266267,-0.6723357808504292,-0.9345012152785079
DALBHARAT,Construction Materials,-0.2757283389971669,-0.5573070986199671,0.0524895537114542,-0.3613995778035575,-0.5264668659844588,-0.6849997609465869,1,0.1510958655702247,-0.8562901708589603,-0.5307815666644224
DATAPATTNS,Capital Goods,2.133604943749421,0.1565262682608253,0.2384385118400208,-0.6735303477348762,0.3697829885637627,-0.3409839596647117,1,0.07445621014270493,0.7402646392334433,0.7916875508141263
DCMSHRIRAM,Diversified,-1.1156431901899306,1.1503451065231771,0.9584229230884695,-0.3691165817169741,0.7207236729721154,-0.5524007889158232,1,0.09318588654089072,-0.7243979337658065,0.9022077693912
DEEPAKFERT,Chemicals,-0.7347479783122463,-0.3894673915466525,-0.1897720890503851,-0.7755149705144978,0.0600095681055303,-0.3418772274351611,1,0.1456076764864525,-1.1711953541677134,-0.09871328154452642
DEEPAKNTR,Chemicals,0.5922134186600309,-0.3899127482647693,0.0674342502229718,0.2367661559635869,-0.3184751359225085,-0.2966684518140864,1,0.1430230811641825,0.22100551236543392,-0.2827560310414247
DIVISLAB,Healthcare,0.268254316661122,0.0022150910747703,-0.4344668268456887,0.1314097725279272,-0.1374343241546682,-0.1187225153051088,1,0.15320935317178236,0.09673507099103268,0.024892771829596306
DIXON,Consumer Durables,0.0376567416106863,1.758107086377939,2.84340042924424,0.2879992213795472,-0.2542943039659675,-0.7439352858081916,1,0.052213795720235046,0.644946240481167,0.272735974555047
DLF,Realty,-0.4571202041667607,1.0890081964475034,-0.7374262050718493,-0.3799937133237835,0.3517109528032623,1.8878978176279209,1,0.07242797007228269,0.6747117102714355,0.2708282925978101
DOMS,Fast Moving Consumer Goods,0.1174692527967948,1.8440156621921175,1.1483441505274743,0.1764139334807605,-0.2044039554219036,-0.6043863546249212,1,0.1039287219345536,0.4844338830748622,0.6262497415729229
DRREDDY,Healthcare,0.1729046147766519,-0.3437334191736029,1.0910933700942027,-0.271550799472463,0.0596111394686664,-0.236175758094151,1,0.14248174050284013,-0.12021063810085778,-0.20355999098422162
ECLERX,Services,-0.0865767917018901,-0.6398099450086957,-0.1245262141376912,0.1852691594149329,1.091753462798132,-1.2413651404851096,1,0.08899287848661641,-0.8074179825677651,0.9483086711833751
EICHERMOT,Automobile and Auto Components,0.5130574348645744,1.072931923454523,-0.2792581540790554,-0.1502149794077493,0.2261291370970861,0.5868034443978833,1,0.12745478114323744,0.7453937323954059,0.6136397273587197
EIDPARRY,Fast Moving Consumer Goods,-0.8106640620371617,-0.9728508241455812,0.760545358185634,-0.7067555369161587,-0.6806582854431338,-0.5851140382170065,1,0.11114544150378153,-1.309786922939583,-1.0697607446254804
EIHOTEL,Consumer Services,0.6422227875004785,0.0438434748952399,-0.0629017331784142,-0.1935308038687283,0.0795811184194405,-0.5414341463373002,1,0.14876216083499055,-0.02779084560843789,0.3519909542301912
ELECON,Capital Goods,-0.3140092980855965,0.528499543209241,-0.5400920979169254,-0.192293848160042,0.0188064210976366,-0.5626267857369918,1,0.15161266896839332,-0.5309704342303636,0.44958234746742065
ELGIEQUIP,Capital Goods,-0.4125922051411123,-0.4258836369203965,-0.3016774547005923,-0.1498798310437245,0.4173787284778759,-0.0444512931294291,1,0.15587107261710098,-0.5147709760209931,0.13701109496178962
EMAMILTD,Fast Moving Consumer Goods,-0.5102178248614111,-1.010458524110072,-0.453626639996301,-0.4619532273212125,-0.21831717559802,-0.0928081222018345,1,0.13803291569268683,-0.9323527436469679,-0.6015430854707113
ENDURANCE,Automobile and Auto Components,-1.3081239424825577,-0.1996959136155981,-0.5348963320583261,-0.2922504884656391,0.1859952907347648,-0.3492720713891335,1,0.13296609513043117,-1.2404476784637881,0.03693761656214464
ENGINERSIN,Construction,1.506223002969372,0.8107227840190808,-0.2230068572866361,1.733461190397901,0.1260620172919143,0.470805435454336,1,0.06988191106731068,2.2415735047462766,0.5324990438558996
ERIS,Healthcare,-0.8600309396215489,-1.486528574664606,0.1280170634818135,-0.3017758430485887,-0.2434118952164041,-0.182855831527665,1,0.12412742447144398,-1.1341677223051359,-0.9737401784507171
ESCORTS,Capital Goods,0.0519858337830032,-0.6177171683538913,-0.0821382639063873,-0.135648411017426,0.2444115262415142,-0.1786319804884845,1,0.1570178676369408,-0.32471037820034665,-0.011332488470168487
EXIDEIND,Automobile and Auto Components,-0.3655567180954637,0.6306347750458152,-0.2365001462166464,-0.2778844974941983,-0.5769487042404077,-0.5312932577181887,1,0.14466199546568442,-0.512815661995585,-0.055725729285249284
FACT,Chemicals,0.1696504281731441,3.1541079103452376,-0.3205650184216529,3.3702546091065724,-0.9571881125340582,0.3985706713354982,-1,-0.03536747868204693,2.9496869419491576,0.44997881706480947
FINCABLES,Capital Goods,0.8668445576501788,0.9114745418293888,-0.1768212415235567,-0.0886426020860721,0.2965859004708738,-0.3996463437677994,1,0.13732000966610564,0.44010558516780385,0.9255077492327459
FINPIPE,Capital Goods,0.5609641476950037,-0.7251692967333888,-0.2546099418577255,-0.1249351431674246,0.0387801848247132,-0.3035844504677332,1,0.15188179360143522,-0.13901184154105453,-0.07488215960764717
FLUOROCHEM,Chemicals,0.4401692279569971,0.6578534668691332,-0.1305315427357824,0.5749780100931021,0.3206311478654308,-0.6719861206053046,1,0.12630452892723387,0.3585763735950623,0.8073870865375089
FORCEMOT,Automobile and Auto Components,-0.5570651644121603,1.7840613014253266,-0.0419053921062222,-0.3234173482196791,-0.0150974827515842,-0.6052426239825334,1,0.12391361991267574,-0.36875441343465776,0.8698572116868386
FORTIS,Healthcare,-0.4029813903024284,0.3592947450518767,-0.2973273487679034,-0.1941149365959125,-0.1318830985518257,-0.2636780632200904,1,0.16004958037784317,-0.43460894120213484,0.10747340056522392
FSL,Services,0.2358041785804848,0.1201084341573342,-0.4753275458011906,0.243358580285433,0.4125497826510966,1.4112683428513215,1,0.11524649649427782,0.954923464939971,0.07360148165755759
GAIL,Oil Gas & Consumable Fuels,0.563206523506822,-0.3497265610866535,-0.2547729790573429,-0.262808301709512,-0.2412291097535481,-0.1263152539277854,1,0.1530342889609796,-0.019329212948602334,-0.18102374483581624
GESHIP,Services,0.1830008863964115,-1.0125595200674542,2.673229809865997,-0.7966554268888033,-0.5628158115130923,0.1038196083903405,1,0.06478429250690709,-0.16786453774939852,-1.361215725781579
GLAND,Healthcare,-0.1641260640776166,-0.3654684334961497,-1.1778281636331522,-0.2452510753041438,-0.2223107426013835,-0.179476438475815,1,0.13245739809371154,-0.5922896905742939,-0.11619617554633385
GLAXO,Healthcare,-0.7481552609874365,0.7671114676084076,-0.5229242485144431,-0.2069633843555432,-0.1536302007947564,1.0519962756017764,1,0.11364795472556238,0.12040681599372524,-0.13034600469033877
GLENMARK,Healthcare,0.9886647602581105,2.5819071123904918,-0.5847117370944314,-0.8114672292700997,-0.1610712822387659,-0.2787168358422619,1,0.06580538577253542,0.5580086266772649,1.3815946621892825
GMDCLTD,Metals & Mining,-0.0945251335311517,-0.9608233908101524,-0.4761862553475253,-0.5448471392431784,0.7040350017273433,-0.2609169937987098,1,0.13414919134923764,-0.8307714160977115,0.29340455910535423
GODFRYPHLP,Fast Moving Consumer Goods,2.2081581132085257,3.4354422001749025,-0.4487557601782907,3.3188044157157246,-0.2708936123013183,-0.2721698856109473,-1,-0.07078249465540909,3.7928183094394536,1.6901540451327688
GODREJAGRO,Fast Moving Consumer Goods,-1.7143649629769635,-0.0774017390404563,-0.362569694190119,-0.6564215802935469,-0.2842652787810087,-0.3110541871510192,1,0.1133696314281955,-1.5929464652833343,-0.3847882425342541
GODREJCP,Fast Moving Consumer Goods,-0.7016130539600294,0.0505067570933889,-0.621584196388223,-0.2449577892043105,-0.3428243287028569,0.2802042125282795,1,0.13930660444582904,-0.47398510942349126,-0.3502828058014899
GODREJIND,Diversified,0.8157076244512018,-0.4883992744043502,0.078524251292871,-0.7629725592071888,0.4209307082199491,-0.6019453942946633,1,0.13068722102062108,-0.3979283396893189,0.4354847092976496
GPIL,Capital Goods,-0.4157667459591748,-1.581744746379594,0.8071734955133342,-0.1983541259382484,-0.2254341551984653,-0.5824692861323324,1,0.11518035506707497,-0.9581361375235391,-0.9344336073246814
GRANULES,Healthcare,-0.4955837634503964,-0.4622666208883743,-0.4848837552797946,-0.3094344191066919,-0.1483429676587669,-0.2722612659357753,1,0.1587051232197471,-0.7962274831478287,-0.24659011052196173
GRAPHITE,Capital Goods,-0.2996666062941976,0.0024524747509545,-0.1578446283237595,-0.1357678836492885,-0.1374846570804002,0.0395217545101342,1,0.1609543347604509,-0.25735627581453036,-0.15393050993978788
GRASIM,Construction Materials,1.3169692488625566,-0.3034950812634741,0.37500311822731,-0.671473312241348,-0.369934319469312,0.1184797512745688,1,0.10818327962520086,0.42095339094579853,-0.30629890362934
GRAVITA,Metals & Mining,0.8559922313499366,-0.6947520348521085,1.205263322463508,1.0355356848312882,0.8118603301093877,-0.3867806937975492,1,0.07438399989378053,0.8314423515456337,0.3372571634533819
GRSE,Capital Goods,0.4620179446352429,-0.4127580783905888,-0.2292476597179174,3.8542050108856616,0.1193860094011897,0.6662470698560268,1,0.04517896067178251,2.5941645200187757,-0.32755854325812034
GSPL,Oil Gas & Consumable Fuels,-1.4572323062124088,-0.2193611357778222,-0.5267108708055669,-0.3593854137391357,-0.2467670345527971,-0.4186491832963073,1,0.12612218511156137,-1.3970125271870846,-0.32592796485920783
GUJGASLTD,Oil Gas & Consumable Fuels,-0.4648737679878399,-0.3093713531948426,-0.7760089493518707,0.1535124868497167,0.1213558415104215,-0.2474663008833895,1,0.14674013037631006,-0.5151719957929644,0.07128814812543784
GVT&D,Capital Goods,-1.1082753096663542,-1.1320707011883404,-0.5035375049245909,-0.0901611996480884,0.0454049193758488,-0.1965600759201132,1,0.12677959255731142,-1.1693051836599326,-0.5162799368629777
HAL,Capital Goods,-0.918018345534475,-0.4264998672718323,-0.4502719150470851,-0.1905170381379891,0.4576589348965713,1.1348897457941505,1,0.11103911362051866,-0.23521738595405597,-0.23136468619500494
HAPPSTMNDS,Information Technology,-0.170645859300502,1.1277060408268205,3.9676060309951016,0.1653311118955857,-0.0166173777348734,-0.5480539817399327,1,0.04559342541440892,0.5500643957477376,-0.09970931957139317
HAVELLS,Consumer Durables,0.0396999452165367,-0.4582459252775417,-0.5516960722160762,0.2953441233910382,0.0120039317165165,0.0620131043681281,1,0.14369982690385924,0.011047423841653121,-0.13511116489738462
HCLTECH,Information Technology,-0.8211193660691755,-0.2364752420876115,-0.2529559362395621,0.1276603852039449,0.092832897370796,1.199202408240183,1,0.11852841012903692,0.11337008341079327,-0.4922132537093862
HEG,Capital Goods,-0.6321710231469239,-0.3316750535497715,-0.0461488677053802,-0.2026015276254743,-0.0857539675741233,-0.4790083601758478,1,0.1608322701762963,-0.8291012068786355,-0.18132279799904716
HEROMOTOCO,Automobile and Auto Components,0.0762174126655758,0.6340583649207794,-0.3904251649076086,-0.290613328900011,0.1264245255769382,2.2547345889228567,1,0.09079542168049992,1.1580641326316383,-0.19717643720704747
HFCL,Telecommunication,0.4001132140516479,0.3839575819857583,-0.2223170737227818,1.985201306987572,-2.00678668541434,-0.9388487079872078,1,0.021320458887542804,0.9287616576954463,-1.1675573688528431
HINDALCO,Metals & Mining,0.1673217089464426,-0.1838704613193643,-0.7731791416813215,-0.739681265398591,-0.0240280426512309,-0.431699157051757,1,0.1491014598637101,-0.7047149078180611,0.20176621746138587
HINDCOPPER,Metals & Mining,0.309678261156761,-0.3172503891225656,-0.6902615834545185,1.8415946626883817,0.7192054745275738,-0.3188350572390734,1,0.0963699442096444,0.8290564364240539,0.6219269383808164
HINDPETRO,Oil Gas & Consumable Fuels,0.0436337184472604,1.0483967297980383,0.1556977844794884,-0.5334647030911821,-0.2445130068545576,-0.2515033657220474,1,0.14403979291787322,-0.11293299050541723,0.3264686139155601
HINDUNILVR,Fast Moving Consumer Goods,-0.347305861950605,0.3594691825182031,-0.145952158716741,-0.2777817149983113,0.3164596241558643,0.4565001257048995,1,0.14099033959099105,-0.058381766337593115,0.24637719722814574
HINDZINC,Metals & Mining,-1.0760778546599548,-1.1357806298452051,0.1940109345032213,-0.2392499779244083,0.359452191361666,3.365114222206087,-1,-0.0159529415007299,0.719119888458133,-1.4155910003223149
HONAUT,Capital Goods,0.0154698778903281,0.2459932271173631,-0.2859210777056792,-0.0502230363421218,1.739567469862582,-0.4090232037011682,1,0.12465845833715672,-0.24681506933018177,1.6784145598414346
HSCL,Chemicals,0.8199562190691986,-0.5175244254242388,0.3415659492297939,0.244478841981378,0.2392803520868217,-0.6177700135222502,1,0.12630567531487552,0.18582173758998194,0.1957056206688599
IGL,Oil Gas & Consumable Fuels,0.3297606757077795,-1.4768991209565496,0.6498152311582781,-0.0015767500468131,-0.2513976273468113,0.3861727262024985,1,0.10867033992198932,0.09261795533311291,-1.0480109334459797
INDHOTEL,Consumer Services,0.6177937710158962,0.0620725886250978,-0.7229379889151848,-0.1520466477517202,-0.0030417399348184,-0.4817353550660833,1,0.1500489056980137,-0.07492897014295502,0.3861223196676307
INDIAMART,Consumer Services,0.5964004847661476,-0.7553341164066618,-0.3305249238181271,-0.2118544589612184,-0.0684011221994699,-0.0542908279452189,1,0.1503885757592034,-0.053293198480792524,-0.225437941103741
INFY,Information Technology,-1.2937473266293982,-0.7332608444952184,-0.249329292459945,0.1082703169340352,-0.4602685541662942,1.0264364582759251,1,0.08891320907252903,-0.3804843364712457,-1.1892689978459237
INTELLECT,Information Technology,-0.3819619732305634,-1.284682187310842,-0.280730252457454,0.1583351252505899,0.4435719601897467,-0.9120048196116736,1,0.10406699557085952,-1.0004268347248566,0.019456120450491828
IOC,Oil Gas & Consumable Fuels,-0.0753619376690735,1.5029518288404704,0.0475226299027126,-0.5204971071791377,-0.2445969556837553,-0.102396385919353,1,0.1335614976618828,0.00628603474233128,0.4837144453321387
IPCALAB,Healthcare,-0.4213915204483169,-0.494429199465969,-0.5338594961166013,-0.2558013200062205,-0.1463242433007553,-0.2552053928312918,1,0.15962803243148288,-0.7301129906313011,-0.24536758981352544
IRB,Construction,1.383794490080884,-1.469682692599989,-0.189740007936395,-0.1518865869680237,-0.2360270621201473,-0.8094158563363673,1,0.08423995720755162,-0.12276148547273713,-0.35467585330047413
IRCON,Construction,1.6080258765944904,2.1544331909035312,-0.1911710726970436,-0.720869884562699,-0.856348024512022,-0.0140718847388155,1,0.049701268301531876,1.0595643132125245,0.580750448718353
IRCTC,Consumer Services,2.003131807953233,0.1558993425323531,0.8716602091880498,-0.137474354423592,0.0688910416570689,2.398530240824545,1,0.02961848897310443,2.4857951658172466,-0.40646649983045136
ITC,Fast Moving Consumer Goods,3.136248908973033,-0.3024216407680968,0.3180511290601336,-0.2163672523010556,-0.332546763200663,0.4629501143111643,1,0.0371582536762306,1.8951460755073815,-0.0816697786068159
JBCHEPHARM,Healthcare,-0.4823957274607571,0.0053675801378743,-0.1385787104763616,-0.2312849731088968,-0.1338485558557537,-0.0625851570322274,1,0.16071102752194621,-0.465635175099835,-0.14990495190127973
JBMA,Automobile and Auto Components,-0.5495174159348267,1.4129819646446349,0.4281593782876046,-0.2291812882500824,0.5811889879741219,-0.4894737438730647,1,0.11837287140871894,-0.2914513127042572,1.0693400224392888
JINDALSAW,Capital Goods,-0.6261845564750462,-0.0965010631196285,-0.7259142607888642,-0.2327485731688627,0.2788227073342991,-0.7354484005069267,1,0.1457121530582871,-1.0168346109995094,0.41537889865772604
JINDALSTEL,Metals & Mining,-0.8070106067177808,-0.7377504127480699,0.3340249882005525,-0.584430404864474,-0.7381886107693288,-0.4402352516811649,1,0.12245858913721502,-1.162551157435685,-0.9832656842498947
JKCEMENT,Construction Materials,-0.5829439564841713,1.2756258054814638,0.6494879249998284,-0.2452057762788566,0.9499040152751524,1.2423590491473988,1,0.062288692124596645,0.574322860635246,0.7572964328785131
JKTYRE,Automobile and Auto Components,-0.2404878960926585,0.0388414880301631,-0.1138048372381734,-0.3317916292148347,-0.1137063873550358,-0.3932158631168954,1,0.16150319522051215,-0.5422183406700203,0.017550443138586315
JSL,Metals & Mining,-0.2998506710663439,-0.2304625886547322,0.4494864772327168,-0.4536485364701708,-2.563929134773515,-0.3968410055763144,1,0.07261461475904546,-0.5973105084343711,-2.191434291466364
JSWENERGY,Power,0.7767521016108311,2.885169016056752,-0.2439781878237605,0.2834274703291146,0.7255721287780116,-0.8795678401397699,1,0.03800709982355466,0.8401734876965716,2.2735479125043088
JSWINFRA,Services,-0.075150868985966,-0.1928152474085426,0.1925796395139754,0.0533678471668476,0.2015361734742516,-0.8401349146779831,1,0.1446112413639002,-0.48907435686289363,0.2594278195439412
JSWSTEEL,Metals & Mining,-0.474251699036373,-0.0595194162645688,-0.3289508464184928,-0.7049993583286022,-0.7642109250659933,-0.3644892676696535,1,0.1415805793999802,-0.9142510603061578,-0.5484870671132905
JUBLFOOD,Consumer Services,-1.8448269795622372,-0.3622599716704127,-0.2914761038019028,-0.2226734425230512,-0.310744545724643,-0.2837517409965002,1,0.11400563028012733,-1.4778237810334034,-0.5916771090053834
JUBLINGREA,Chemicals,-0.3938883259764015,-0.0094168362914356,-0.3208553175225979,-0.4640795851386798,0.1719571675943744,-0.0816589280433941,1,0.15373559352655403,-0.5876402645556379,0.1526493618971979
JUBLPHARMA,Healthcare,-0.1554907885037554,-0.771255665340376,-0.2960383811177063,-0.2362991918095262,-0.1655261019103515,-0.2618528987326967,1,0.16395454811804427,-0.6072916493017227,-0.380514733562509
JWL,Capital Goods,0.7419062426461939,1.7738390432186768,0.7366991875363933,0.1530239457838745,0.5093629488100693,-0.4659965150245531,1,0.09256035181039057,0.8167780015664321,1.3101004510985617
JYOTHYLAB,Fast Moving Consumer Goods,0.2739425441899695,0.6129225846000684,-0.5679010249163557,-0.3767574749319534,4.561652699815941,-0.391720847554139,1,0.02126290756059751,-0.2583151766899852,4.229000047270065
KAJARIACER,Consumer Durables,-0.8652748434279953,-0.6360839815117101,0.3620023164750928,0.2683124085333942,-0.3779789145892502,-0.0815537191775973,1,0.12244000567413138,-0.5127139780968388,-0.7981954212057504
KALYANKJIL,Consumer Durables,-0.4761659560070627,-0.5660480597549079,0.600801967589898,0.2736907588816765,-0.0694305586493783,-0.558637060645335,1,0.13764305362182006,-0.48703705068951353,-0.3551993016002914
KEC,Construction,-0.2680876432761361,0.0485854908829335,-0.8643948838353368,0.3322378965958978,0.0014497143353177,-0.6326754448524313,1,0.13843069812022218,-0.42127656603573965,0.2871385819165041
KEI,Capital Goods,1.1761002571425176,-0.2436854159396866,-0.5248984753415921,-3.1807849020256347,0.3669636837694664,-0.8553259063653726,1,0.03070144784971357,-1.6797389438470092,0.833284015622693
KIRLOSBROS,Capital Goods,-0.1134288335930679,-0.8591492631470431,0.4144180374009635,-0.149656376131438,0.2242844151815513,-0.3881282797360817,1,0.15071381711164195,-0.5297626316324294,-0.18803042348017074
KIRLOSENG,Capital Goods,1.40539607761705,0.0301520857838217,-0.1394785739546374,-0.3086974598071895,0.4118271056266291,-0.2168142570320457,1,0.12283460852446615,0.49926043459600683,0.6649140313976633
KPIL,Construction,-0.69095789348913,0.2396468905691562,-0.5287215879304882,-0.0945790572138771,0.7479508974387101,-0.6143279221790162,1,0.1375147300019734,-0.8068108549294083,0.8589706998059567
KPITTECH,Information Technology,-2.156536827472437,-1.0500551620986214,-0.6289981915711969,0.1517768927791985,0.0527483230978196,-0.4342084151985015,1,0.06065699028817534,-1.761700921837004,-0.5656214204702891
KPRMILL,Textiles,-0.0753612056420105,-0.8554072939535323,-0.9751219467955304,0.0816420421793347,1.7013153440176323,-0.402707486760434,1,0.1021429010327215,-0.6061969513789052,1.2569529972670068
LALPATHLAB,Healthcare,-0.2558673476086378,-0.1386631524325837,-0.3177910637424059,-0.1758251141527852,-0.1467166325302567,0.0307168913059257,1,0.16396052810908784,-0.31793541615168397,-0.1846451339095509
LAURUSLABS,Healthcare,-0.2217687787650377,0.1819365482346222,0.1444418194748332,-0.1221794330079098,-0.1560586238411563,-0.2727610073697314,1,0.15841535361882958,-0.27824761084700256,-0.03870627300133723
LINDEINDIA,Chemicals,0.0305729117819,-0.3462028376076311,-0.4544754928527029,1.2031120549447558,2.7346580918740844,-0.0958528887941895,1,0.051948187110512856,0.4248732201599656,2.114267726995675
LLOYDSME,Metals & Mining,1.0763958764009032,1.9176485802951864,0.1857343935236384,1.4453003919825749,2.1221142903561208,-0.4238946947617427,1,0.01320315206297562,1.680554938823404,2.7718078033307343
LODHA,Realty,0.5181608211190242,-0.8610790130787053,0.3586238885894484,-0.1527686480904528,0.2461049314806605,-0.1251181602917733,1,0.13704285478154654,-0.038002619544407056,-0.1332903922449668
LT,Construction,-0.0822110158091529,-0.3673175650219588,-0.2053464991751537,0.7172515801645906,0.902036314678003,-0.1255101173422298,1,0.12331225022924619,0.13439833910396734,0.5841956864700782
LTFOODS,Fast Moving Consumer Goods,0.2292685825872785,-0.5162536710755832,-0.408836820547877,-0.4717561603534352,0.165837480138474,-0.551435514252835,1,0.15243017294008315,-0.6213059950301272,0.17878798952828492
LTIM,Information Technology,0.1919361625115681,-0.0746661548324135,-0.3849867939168815,0.205298842482486,3.7942041430767217,-0.2523764474655275,1,0.056771027821961806,-0.051839320380724384,3.192400791813218
LTTS,Information Technology,-0.3150240965076177,0.5906687380476708,1.07365149183005,0.1805921282294872,-0.3431667481058264,-0.2303930924477016,1,0.12260028956427238,0.09789424070586462,-0.21154397029801003
LUPIN,Healthcare,0.0807714971782663,-0.1009019367412039,-0.0215468272957832,-0.2580310341580376,-0.1612251819617393,-0.2317459952406377,1,0.16352513293323168,-0.25408163807379025,-0.09601231914177835
M&M,Automobile and Auto Components,0.6423095749601405,-0.3215527776205369,-0.2414067074231743,0.2839771801843206,0.2074920796612149,-0.1488214548416508,1,0.14416118998855948,0.319055819993102,0.19159258071322338
MAHSEAMLES,Capital Goods,0.1060786213291735,0.8716287122545756,-0.6254098719445651,-0.2144877322646083,-0.070976545607231,-0.432004555094885,1,0.1496267424824631,-0.15373499200895252,0.5767786837542773
MANYAVAR,Consumer Services,0.8749294417747051,0.0113243288255986,-0.4234196167364853,-0.1828705853371686,-0.5655632636470206,0.7491824119149201,1,0.11907089138587923,0.7373455245978243,-0.4608526295132098
MAPMYINDIA,Information Technology,0.9201922296487832,0.5698083306174739,-0.6306633607837695,0.3856539121104153,0.2119456865552206,-0.8471816806759803,1,0.11137822297886896,0.3479366948328694,0.9062240652539948
MARICO,Fast Moving Consumer Goods,0.439431764316714,-0.2948630020025475,-0.7929871933942136,-9.086624531045173e-06,-0.0682584550071817,-0.1626289699393976,1,0.14327946016753468,-0.028949295401706,0.05821654442250307
MAXHEALTH,Healthcare,-0.2144557907895403,0.4009693616182594,-0.4167596705616621,-0.0635134365879238,0.5642712360670438,-0.2519708647607595,1,0.14883788573420065,-0.26446289824271524,0.7341422393201343
MAZDOCK,Capital Goods,-0.0635553022896994,-2.2000143600567585,-0.3413411838341727,-0.111360964808421,0.2263616585825586,1.6526565418671002,1,0.05066622208606203,0.1303917229802315,-1.23902340445968
MGL,Oil Gas & Consumable Fuels,-0.1705345204393149,0.2287146624362189,-0.3621612270375134,-0.2464839187415236,-0.2475198154626956,-0.1235390681029305,1,0.1588959873118298,-0.29737918363149185,-0.03326818838334293
MINDACORP,Automobile and Auto Components,-1.0117796437591031,-0.4063003188220083,5.020368404979785,-0.2807019948851015,0.4852871683941466,-0.4733652502552031,1,0.009074101031629034,-0.40178392594519347,-0.704377342950956
MOTHERSON,Automobile and Auto Components,-0.4429006032193825,-0.3214423848259878,-0.067607552264715,-0.2751225518180821,0.1014383010905099,-0.4418996246065687,1,0.1609330601238877,-0.7438309056409946,0.0020849741919546144
MPHASIS,Information Technology,-0.1328402994700822,-0.9048373811836538,-0.2905984405366954,0.1570225795878292,0.1184312274564157,-0.0252723927411276,1,0.15051717872462794,-0.29166264322531965,-0.2911506104358104
MRF,Automobile and Auto Components,0.0270109302203,-0.0320322913312017,-0.2507118553347718,-0.2189881142848302,-0.4656273163676325,-0.6910633907944875,1,0.15438147059499158,-0.5129875525224272,-0.14804847967821042
MRPL,Oil Gas & Consumable Fuels,-0.4998084357729734,-0.5803044913101995,0.3047605621766173,-0.678111936897418,-0.2453628642040575,-0.7568546651389612,1,0.13461162413172983,-1.1732332885168795,-0.36156592242969193
MSUMI,Automobile and Auto Components,2.7041744446594977,0.8594578679908739,-0.2903517730220926,4.53292275601528,-1.3080628564623789,-0.3521246230304234,-1,-0.08079674693057037,4.077981863361893,-0.26460531232733686
NATCOPHARM,Healthcare,0.1841916483844664,-0.5466559870271458,0.3960747699827789,-0.3329704284220202,-0.1615721202080119,-0.2567394252072201,1,0.15430752091519306,-0.30577470761883574,-0.34058793373553037
NATIONALUM,Metals & Mining,0.2951039445081982,-0.4841386622308344,-0.8377879057419886,-0.7077728963840277,-0.129912085971104,-0.0289740917864792,1,0.1419954431403297,-0.48848830970207385,-0.10387730720868033
NAUKRI,Consumer Services,0.9078009899675326,1.4028954148299468,-0.1118690731761175,-0.1134687974631545,-0.0183471502385979,-0.6626420537315062,1,0.125877726269367,0.4546908820150864,0.9618883868967324
NAVA,Power,-1.204008869507356,-0.6144913081239595,-0.2383478747343023,-0.3545158391451798,0.372862569913705,-0.819701182605382,1,0.12671579292288437,-1.5293386197996117,0.10893955078990791
NAVINFLUOR,Chemicals,-0.5140780126819613,-0.1708286343564077,-0.8334760704100883,-0.0154916257427492,1.3702909507684349,-0.2011709269427322,1,0.11433711480964653,-0.6048357733314111,1.1401269938062681
NBCC,Construction,-0.5980342347434334,-0.4061234131635849,-0.5441171663680836,0.4087910737418654,0.5496901582271038,1.5904188343967396,1,0.09566449500147911,0.509488506122665,-0.2341821020238
NCC,Construction,-0.335091040320805,-0.0491399517664601,-0.5438771836194453,-0.1198580482644925,0.2141949678095071,-0.64175494525013,1,0.1543433559103694,-0.6982710286069002,0.36864029314533636
NESTLEIND,Fast Moving Consumer Goods,0.2791025830427836,1.5343155141461775,-1.408949443671785,0.2400265780878347,-0.2343595574282521,2.068292826056408,1,0.031036222025979887,1.567403504294425,0.15756487527971091
NETWEB,Information Technology,3.1795905048958875,2.2002139345379312,0.5041276272425025,-4.986650777857156,0.1053436250925926,-0.8733900614026509,-1,-0.12102933254436132,-0.7453480338228475,1.933894307562225
NEULANDLAB,Healthcare,-0.2235428562115011,-0.8010357380578939,-0.5219545535483988,0.014170993775874,-0.2663537470641355,-0.2652012806247906,1,0.15277900227648666,-0.5478867571990209,-0.4556752805539626
NEWGEN,Information Technology,1.1927683331243484,0.6451520783699093,-0.7055164643160444,0.2744112233091437,0.0646593170752149,-0.7196625661090235,1,0.10868288497220191,0.5218440131375669,0.8457519936751562
NH,Healthcare,-0.2290716170954495,0.5439955996878387,-0.2386166951440869,-0.1895430276941355,6.602858927798832,-0.2276130394917303,-1,-0.017763644481234686,-0.3636021836761324,5.656356768216337
NHPC,Power,0.8122732302662036,0.3150478786683238,-0.2891496984933489,0.0669648324098684,0.1814004703107065,0.6533973967911606,1,0.12614206933661443,0.8753473108293262,0.26403225090785737
NLCINDIA,Power,-1.6168633968576898,-0.8663325557017556,-0.3627282999680093,-0.6193681028965565,0.3185953663923296,-0.5309022094922529,1,0.09629505823004314,-1.8457009547482586,-0.16787601118857312
NMDC,Metals & Mining,2.45555556409555,1.6420701072763555,-0.7460992419870504,0.6789114506394859,0.2736791268464323,-0.1134475134150168,1,0.03978742717848471,2.0417854690928907,1.4824926082924608
NTPC,Power,-0.0459894520166636,0.4095214617340958,-0.2428894283774267,-0.3955914876688499,0.3908096850331056,0.1878013308669906,1,0.14073965944138617,-0.09161016344503982,0.47897795956705047
OBEROIRLTY,Realty,-0.0499265891982688,-1.968853130504332,1.98550524239284,-0.4350882253524073,0.8541261236886742,1.2310187397777417,1,0.016734405911099315,0.11775040525294186,-0.8987732520485057
OFSS,Information Technology,0.5326420212071206,-1.091889492538067,-0.505227884621454,0.174928163654055,0.1404947283531618,1.3508243471523758,1,0.09448263410647117,0.7419299794975712,-0.6109717480307155
OIL,Oil Gas & Consumable Fuels,-0.231462778370753,-0.1072176812194713,-0.7650346579409228,-0.3631855277560536,-0.2233292984853719,-0.3408259505833758,1,0.15871167135407332,-0.6551971277045681,-0.034312253012753646
ONGC,Oil Gas & Consumable Fuels,-1.2196724302868849,0.2055896949110632,0.0993731515737075,-0.5371747040839943,-0.2457098187549773,-0.1492364936868602,1,0.12835472187243113,-1.0185197275403917,-0.27871369528493506
PAGEIND,Textiles,-1.408526944590862,0.2713806782609929,-0.827527969590458,0.8918388188773336,-0.3083324129385183,1.7861833391063342,1,0.030216824444583068,0.5604166409481451,-0.7888378654017998
PATANJALI,Fast Moving Consumer Goods,1.090555525806366,-0.420633298148469,-0.5575407785396569,2.36996324012058,-0.3215266063009684,-0.5575998079000589,1,0.06585430618065352,1.4560957328113397,-0.11187766540097038
PCBL,Chemicals,-0.0145507747137348,-0.736689948325705,-0.6564393470724661,-0.4484993036856881,-0.340460881759966,0.6694389039745265,1,0.12963303229487044,-0.19604884930364025,-0.6841140062693231
PERSISTENT,Information Technology,0.7445010379739959,-0.5112718708795897,-0.3840414520152672,0.3473865302282008,0.0868112429020137,-0.3696150149282502,1,0.13565813285890926,0.2303129321113761,0.11354405223109504
PETRONET,Oil Gas & Consumable Fuels,0.905695224898453,-0.3551246378819956,-2.537093238929108,-0.1620048752293846,-0.2358364674927041,0.5553396601647851,1,0.046436472718758004,0.2664650443952152,0.07617363473442805
PFIZER,Healthcare,0.1851103748625736,-0.3350324824518357,-0.5220570506807001,-0.2141530838560919,-0.1552723597171847,-0.1724330576676369,1,0.15907322377092464,-0.2702192511242979,-0.1089511212371039
PGEL,Consumer Durables,1.334864267405253,-0.0706810194954384,-1.4782758260568694,0.0626922069612769,-0.2255987528438874,-0.857654010426384,1,0.08282161919609737,0.12415963712132022,0.5001482393581553
PHOENIXLTD,Realty,-1.4866172448383954,-0.1234313130696377,-0.0086138159061495,-0.4369658732706796,-2.6329687653281204,-0.4097901009069044,1,0.04304756349947747,-1.316202589103078,-2.3130561678739157
PIDILITIND,Chemicals,0.193998610786242,-0.0976387870846706,-0.6473153726356863,0.7296692321209485,0.4735351333999273,1.377514651460773,1,0.10542560332805995,1.1001891270257236,0.04073442124150518
PIIND,Chemicals,0.7673300352092223,1.1380771545781574,0.6609853566599077,0.1048859636090641,-3.317533357006276,-0.2076141310710583,-1,-0.0104004921100872,0.8246216313779505,-2.1306161367518266
POLYCAB,Capital Goods,-0.0124830824638828,-0.1245426809596837,0.4552581922744744,-0.1097674209764284,0.453966574856576,0.3216317781230156,1,0.14073117725939455,0.11436570674437053,0.12542611393288997
POLYMED,Healthcare,0.259497844219812,0.0511480443653626,-0.8593673106602323,0.0375125378865928,-0.1354446958832201,-0.2680643287790857,1,0.1470311600391202,-0.08552573290536722,0.16877408558634405
POWERGRID,Power,-0.7531941966589021,-0.9446922981770992,-0.2605906821052025,-0.4355915109397135,-3.54442250139491,2.2622982441742456,-1,-0.051819426102807764,0.26885496430340194,-4.03169226277944
POWERINDIA,Capital Goods,-2.020340118014086,0.2972740182328257,-0.3861036430269824,-0.1633921636277132,0.1155044073142577,-0.9529804099150868,1,0.08800462999728209,-1.7445058152554287,0.22782373483882953
PRAJIND,Capital Goods,0.5489327621543554,-0.2587976176480546,-0.2819908094734845,0.4970647032489828,-0.3082761468490063,1.3514270443421532,1,0.10539246129949542,1.1850994987552368,-0.653425343264228
PREMIERENE,Capital Goods,-1.062561495845998,-1.578040920482637,-0.3623707218840605,-0.1776852991801415,0.0134867315368823,-0.8335446135710783,1,0.0995930516423667,-1.619435446296694,-0.5682116202443339
PRESTIGE,Realty,0.0291047930398424,1.1741370795563189,0.3887302562327541,2.5205702259860727,-0.6236558446341702,-0.8080862798188111,1,0.050660272368573345,1.3485138065102342,0.07708861888784256
RADICO,Fast Moving Consumer Goods,-0.1519446942016138,-0.4021622092377354,-0.7881669809872299,0.2635617628764522,-0.2038752645708136,-0.6068691717466702,1,0.1462427817345897,-0.48187064754909487,-0.07873222892795972
RAILTEL,Telecommunication,0.4896110167121562,0.3319194610568139,-2.172382713805572,0.0059955793395817,0.7602868760006288,-0.2658539571524652,1,0.06733468008158122,-0.09548369422506527,1.289339208601726
RAINBOW,Healthcare,-0.5435439645431396,-0.7446953520956803,-0.3462460106917487,-0.2006074026023581,-0.0950608034018436,-0.2334632425423311,1,0.16062607809837148,-0.7982163211178982,-0.37682561697313943
RAMCOCEM,Construction Materials,-0.6602029408929966,-2.0277875573910844,-0.7302367044487187,-0.3308169635445938,-0.6400460711035044,-0.9045912381487462,1,0.056170075581488454,-1.6672659953559918,-1.1397931277026327
RCF,Chemicals,-2.632144092530691,-0.7476015542695675,-0.3140778280449154,-0.9263063920690904,0.4526052472559683,-0.415367182689521,1,0.019275523838318986,-2.5060305503539846,-0.2054984324155541
REDINGTON,Services,1.1053225902297124,0.2687839784888919,-0.0740582434962489,1.984655780443232,-0.2086288367692627,0.9341359062780636,1,0.07074089258695898,2.2762267555853812,-0.21747879441995288
RELIANCE,Oil Gas & Consumable Fuels,-0.6135153096609124,0.9677885115693464,0.1934570924666636,-0.1663720365284449,3.8509305979060513,-1.271644119425314,1,0.0044511405366160495,-0.9030352642802253,3.778509049003455
RELINFRA,Power,1.8659146844896293,-0.3265217973783169,-0.2166457856407393,-0.6778699893407063,0.2980582250671253,-1.3099876518001417,1,0.05961730471291238,-0.11148299562840094,0.8376711854882977
RHIM,Capital Goods,-0.685142360698989,-0.4475690508208493,-0.2697440252254792,-0.1602982605422032,0.0236497794367014,-0.6821769362801757,1,0.156189732660723,-1.0058446353364239,-0.05590171449824892
RITES,Construction,-1.3014304132305958,-0.4449934383712067,2.8447521071992603,-0.0807780305516276,-1.173349756237126,2.267184091930551,-1,-0.05944195731739044,0.6815677446961776,-2.539805868269933
RKFORGE,Automobile and Auto Components,1.0490361913204156,0.0605273351489366,1.0235383027322815,2.787298646157475,0.1186014623947639,-0.537850453543221,1,0.035240416983909895,2.0145630371212055,0.15205150886318344
RRKABEL,Capital Goods,-0.9499557624216772,0.2148898931294593,0.0132894281305781,-0.1787870429267441,1.4537914452620064,-0.1972523317702044,1,0.11620815331182666,-0.726364432944784,1.1631564925394007
RVNL,Construction,-1.0415787746244836,1.1253114445779522,-0.6611348194930803,0.3822860519267268,-2.0536746008959845,0.0388979725333349,1,0.04800495961674717,-0.1483900144401918,-1.2622019358967775
SAIL,Metals & Mining,-0.2067229159640313,-0.5185010724363414,-0.3340379853699516,-0.8398778991958803,-0.9127017116167754,-0.4286926404907095,1,0.13053482038362385,-0.9855220706648384,-0.8036870084152629
SARDAEN,Metals & Mining,0.3765583718469136,1.320884255925063,-0.259084865942092,-0.399475550551271,0.2253156822175088,-0.4345398366738043,1,0.13417365703385314,0.06274433032494345,1.0049852232193879
SAREGAMA,Media Entertainment & Publication,-0.0416720334508567,-1.4364920108887935,1.057564820954191,1.0587816691063254,1.1490899780603363,0.6541310750328646,1,0.03842572018307466,0.6501111025352304,-0.14719345033395684
SCI,Services,0.4203601037354201,-1.0270794928495803,0.2253788795809591,-0.5270395850751418,-0.1659949006047493,-1.210638164458574,1,0.09185226637854116,-0.9237024643911441,-0.2024132129138781
SHREECEM,Construction Materials,-1.8093813880571823,-0.31918576198035,-0.5160649879357538,-0.3398705053255672,-0.3185163768857864,0.2901080445826426,1,0.09937102303843048,-1.2428966362089597,-0.6966077795765704
SHYAMMETL,Capital Goods,-1.1275267686340098,-0.290262457825035,-0.3058168716417553,-0.218687492069212,-0.1723708086281118,-0.677484989942547,1,0.14738596011906518,-1.2523197177733592,-0.21105513261257952
SJVN,Power,0.36949925890547,-1.1719309515587697,-0.2609660532537043,0.0358775920124834,-0.0262245476991139,0.3685225975551962,1,0.12018527916084887,0.07420117403359625,-0.5594015592982626
SKFINDIA,Automobile and Auto Components,1.811619431047768,-0.0696808555461961,0.1445484445857322,-0.1485661629958007,0.7596262609887965,4.392648843083249,-1,-0.020289923206256777,3.237943837792231,-0.4329643446697996
SOBHA,Realty,-0.2869081790314229,-0.2527092720556484,-0.7579454864329831,-0.2373798272061568,0.645833881369288,-0.626701501538031,1,0.14577231340239594,-0.817593371691783,0.6737604372034566
SOLARINDS,Chemicals,-2.0450108236587763,0.3387548750844135,-0.6318207083592712,0.1629219135761831,0.2821972767853912,-0.3342619807592993,1,0.08512629810980121,-1.281804514958372,0.22721461467228998
SONACOMS,Automobile and Auto Components,-0.4406039294792274,-0.2607831481585747,-0.8060620284859524,-0.1955054351976864,0.4636799436391699,-0.0661578319198934,1,0.14481287726261982,-0.5965349093947414,0.34009978800805274
SONATSOFTW,Information Technology,-0.8220240834293471,-0.2569874537567809,-0.1818941899382899,0.1002717992519157,0.0392136180317759,-0.3788201002621931,1,0.14818890262264123,-0.7207155870927613,-0.09534887978501624
SRF,Chemicals,-0.4968030915964179,-0.1568156858875664,-0.3035493944200627,-0.2144718204811904,-1.0758721517869996,-0.3512193214786563,1,0.13826677325286962,-0.665854549327084,-0.875275954311911
SUMICHEM,Chemicals,0.6559854555711986,-0.2012616029593467,2.73952400030397,0.3219201082566886,0.186752817706841,-0.3956159140943835,1,0.08729608935674282,0.6715709226014064,-0.22309622616890348
SUNDRMFAST,Automobile and Auto Components,0.3936023516003887,0.2976193882049686,-0.3146386586483818,-0.1573504647552228,1.2775335119444544,0.0470875857541347,1,0.12939642705931942,0.16727772416721426,1.2655177364348065
SUNPHARMA,Healthcare,-0.2900669755496449,0.0277795296967963,-0.4450409887763336,-0.2138079213489314,-0.1215053596349102,-0.1298121179287961,1,0.1603189263292012,-0.41760130111739696,-0.02514512957916078
SUNTV,Media Entertainment & Publication,1.03001262688858,0.5361224086010911,-0.5514897132009978,-0.1303469361242831,-0.6730039487086613,0.4970002380787333,1,0.10201251446811832,0.8444080603011587,-0.19468438337329025
SUPREMEIND,Capital Goods,-0.3094856419741257,-0.1049089907352735,-0.0914503605259622,-0.1199741279557971,-0.6293704178496523,1.1094687620458712,1,0.11370702828449442,0.29366137008254006,-0.9268835074014726
SWANCORP,Chemicals,1.978604638133995,-0.9781651666874004,-0.676307137752708,-2.295362870068085,0.0770409309556985,-0.7788133872088838,1,0.03298547768953303,-0.8943187057552711,0.37521596708460997
SYNGENE,Healthcare,-0.8379517957570316,0.4151770251480197,-0.5847678406999982,-0.2627168311258552,-0.4701458130877203,-0.2692289650550122,1,0.13509914256800332,-0.7474006755804438,-0.15924550980842334
SYRMA,Capital Goods,-0.2480947535423172,1.057176506302918,-0.7628991057047114,-0.0727392509650684,0.1488667661329231,-0.6122927069679724,1,0.13770789141675177,-0.34875595256225683,0.8501080682977471
TARIL,Capital Goods,0.1413654869067819,-2.1322314417323693,6.519245362437097,-0.1221969210315342,0.0036379840382127,-1.0056155951574866,-1,-0.08959928292356012,-0.15540720681079728,-1.784962433354791
TATACHEM,Chemicals,-0.2198973763458772,-0.0662371934675041,-0.501341819874191,-0.6384335116072839,-0.956722982195676,-0.330262877906337,1,0.13472627319676028,-0.7356512411622252,-0.6475376789723443
TATACOMM,Telecommunication,0.3728473503907335,0.4689089989435274,0.0658931816727259,-0.3293442500950241,0.3681284981773022,1.6799247730215856,1,0.10713023063886018,1.0255097612662585,0.06371270948272488
TATACONSUM,Fast Moving Consumer Goods,-0.4942239113743632,-1.0797397843374907,-0.1341231003707576,-0.1832562116656723,0.2326599619629086,-0.5063109339581424,1,0.1408725013551781,-0.9649901507199767,-0.21022178613610534
TATAELXSI,Information Technology,-0.004167205132296,-0.3832546522416915,1.09852748707802,0.2323868111066093,-1.3817207974569894,0.408752343032663,1,0.07251769596108865,0.4066155891031937,-1.6278800271274514
TATAPOWER,Power,-0.1547638607587776,-0.7880726672928686,-0.2679584987799051,-0.3256901745295017,0.5702801367165613,-0.7249176140875624,1,0.14932246908606905,-0.9102088657901307,0.3423297742306908
TATASTEEL,Metals & Mining,-0.4687944070396526,-0.6354620271217908,-0.5528561309386644,-0.8669705875057904,-0.0282732249330602,-0.2530889999723352,1,0.14341265142376708,-1.1355954639764756,-0.19407783325069694
TATATECH,Information Technology,0.0845909104767388,-1.4614126617789576,-0.0674795903771541,0.1986446306334992,-2.9788078595372003,0.0561509683336399,1,0.027797570742884414,-0.16448079996133336,-3.0776608211965746
TCS,Information Technology,0.1083379030194203,0.7643522443642471,-0.5437625509109116,0.1386921944712057,0.1224924740261618,3.5468749980388776,1,0.02866237383532655,2.1010103144679695,-0.5041256186159104
TECHM,Information Technology,-0.5741800154388097,-0.5527108407457615,-0.3373743029830343,0.1368719021934632,0.0338150190692266,0.3038223585138798,1,0.1463827779247085,-0.29962082258367867,-0.3635758611336344
TECHNOE,Construction,-0.5429570181530761,-1.2494418485037218,0.7467591662835812,0.1367322097374426,0.0831142731862911,-0.568713481234744,1,0.12206616002532017,-0.7661579574737725,-0.5639506134294713
THERMAX,Capital Goods,-0.6985626207945446,-0.1005189105358628,-0.2542232726436655,-0.1563818534839835,-4.2514890231963305,-0.2417021785371952,1,0.025144420358035824,-0.6209796533095946,-3.500672904914516
TIINDIA,Automobile and Auto Components,-0.5667350555480168,0.010618167551364,-0.267711901934756,-0.1560410707674815,-0.2698222119358188,-0.1735888939854539,1,0.15910048716104425,-0.5454152868257345,-0.21952715362181982
TIMKEN,Capital Goods,0.0179954347038643,-0.2392311853964084,-0.3936900041461652,-0.0862486146760674,0.4719923801060043,-0.873860066457084,1,0.1502971189971597,-0.6292281664160622,0.5917941161464166
TITAGARH,Capital Goods,1.1571663651516046,0.6879725924358088,0.2555706720334266,-0.6703670432508666,-0.7789580399919287,-0.9429557987120936,1,0.0849999332291913,0.022492216130013537,0.10753170308368239
TITAN,Consumer Durables,1.7577288311297448,-0.6442243264647418,-0.912337776987292,-0.1597518875119146,-1.657152372804937,0.1704498170989798,1,0.036327436283778936,0.7358021561122565,-1.2364161668634206
TORNTPHARM,Healthcare,-0.3818078884909069,-0.552294130667154,-0.2977815499435767,-0.1424973364901373,-0.1061141708425448,0.1979723513689284,1,0.15589284122463354,-0.39031694215523194,-0.41020367064761265
TORNTPOWER,Power,0.0044128378944085,0.4901952929323229,-0.1795269805823102,-0.1207460731979952,0.3216844244759265,0.4131212350734735,1,0.14494706110149574,0.23816963039226402,0.3796601526744316
TRENT,Consumer Services,0.6827026613601306,-1.088828125038224,-0.5803327578231664,-0.0978877436116215,1.6239066646657252,-0.5050413118647692,1,0.07772096930775452,-0.3246952819881072,1.1835912667165556
TRIDENT,Textiles,0.2212490098089462,-1.3485001627977522,-0.6084983094644284,-0.8163033829251218,-0.0676590362171241,-0.3848016032195799,1,0.1123911300762846,-0.970363894351166,-0.38217849022671346
TRITURBINE,Capital Goods,0.9494230702751586,2.3392799314835324,-0.8659471434023563,0.0119190327021086,0.1933751954492204,1.5482866847980858,1,0.0266383014817283,1.8361892726443059,1.0385920926761454
TRIVENI,Fast Moving Consumer Goods,0.8394760788125494,0.5978692172656005,-1.07283038576718,-1.5945674170740898,-0.3885337179302537,-0.6326830709081277,1,0.07621160515332104,-0.72730103797877,0.5096565701848418
TVSMOTOR,Automobile and Auto Components,-0.4375183836292052,-0.9413783622478016,-0.3571734972139618,-0.17271097998127,0.214880419320028,0.3826986180786696,1,0.14464936643944654,-0.4574289042855576,-0.3746184358026122
UBL,Fast Moving Consumer Goods,0.327002764294471,-0.0399742932788392,-0.3853685422044609,1.8366660646479251,0.4083613290328237,-0.4009607509689456,1,0.11385296749071738,0.9135578950557869,0.466681721953725
ULTRACEMCO,Construction Materials,-0.0474091504614457,0.7096629623122912,0.2400501625074811,-0.1298328403253723,-0.7515950211075865,1.6230702014100251,1,0.0851516321320806,0.9683750824192084,-0.828275896247825
UNITDSPR,Fast Moving Consumer Goods,-0.5476200511071648,-0.3462215346931837,-0.7864764746697801,-0.1930921328520737,-0.09991576261422,-0.4762074724357356,1,0.15479953221684012,-0.881620449362525,-0.056212954085915603
UNOMINDA,Automobile and Auto Components,-0.1657970022646826,-0.1241342153095351,-0.4238027861989755,-0.0797385213118475,1.0378520653829548,-0.2639953159876652,1,0.1459023019290322,-0.39668680361378317,0.8979946871067668
UPL,Chemicals,-1.2762403661843038,-0.5038411905265702,-0.3633273620877812,-0.9251417235112978,0.0644871594063882,-0.7279593999826443,1,0.09652050843988974,-1.8226756903129793,-0.08673812338874294
USHAMART,Capital Goods,-0.2796515464795842,-0.5549824429662211,-0.2415602169603775,-0.1632682301933784,-1.0628247818074716,-0.1486191398294747,1,0.1394681118468642,-0.5013005919430333,-1.0777488799198665
VGUARD,Consumer Durables,-0.7586842716581341,-1.1075743300293115,-0.3829023837599931,0.2749900815148773,-0.1006416202266642,-0.5164555098564643,1,0.12949276991914083,-0.9067281992621264,-0.5075147025845038
VIJAYA,Healthcare,-0.5424029623257793,-1.5872494344020387,-0.5129585246192665,-0.1516507937905757,-0.1145919685275109,-0.2612480165322907,1,0.11427656855654356,-1.0273300085140067,-0.7315133234612132
VOLTAS,Consumer Durables,1.5067254127711116,-0.8366256237731337,-0.6172561427443256,-0.0002042787597763,-0.2473135267387712,-0.5309791742195734,1,0.10078556608603734,0.2819676546989307,-0.07393907627337944
VTL,Textiles,0.5348650380349532,-0.0644368044324158,0.0280493344301264,-1.2009199079507362,-0.4100379531096236,-0.4816120373747665,1,0.12217042998008931,-0.6231726311864153,-0.10565710579935206
WELCORP,Capital Goods,0.1433588719966907,0.7168667524130177,-0.1597414990286917,-0.2141539425534944,0.0158972299207156,-0.5411894899152975,1,0.15401710561369425,-0.1649041091056802,0.5345607989879254
WELSPUNLIV,Textiles,1.4617288498472127,0.5636862519678315,0.9143333499510355,1.0437424298191909,-0.9152859417523662,-0.5170622117515535,1,0.04769534920387003,1.4315559502663626,-0.3137464907667076
WHIRLPOOL,Consumer Durables,-0.4517525536682245,1.3842372872051223,-0.5121863603628616,0.2655092951177173,-0.2355389880844733,-0.6797201283021245,1,0.12322802008538314,-0.18800543393049954,0.6127630722668748
WIPRO,Information Technology,-0.4707625443215881,0.5027526386579753,-0.6038055169622468,0.1055898532248891,0.0507485581629071,-0.3406794257116283,1,0.1478411111210748,-0.3571129891719035,0.372941451495303
ZEEL,Media Entertainment & Publication,0.356984467633587,0.101092581747191,-1.104318864128944,-0.928434732982042,-0.4760860293516755,-1.1511313131115977,1,0.09765263920542827,-1.040632906795354,0.26919402490643873
ZENSARTECH,Information Technology,0.5022540436798966,0.2572072924407947,-0.7841511744597757,0.1570660943007941,-0.2545070303065392,-0.5909693750900732,1,0.13888559261281663,0.018322822983034524,0.2806963543679026
ZENTEC,Capital Goods,2.672134105508827,-0.1898517696493716,2.364474945836597,-0.5142322586425405,0.0595269680096683,-0.9142336401195256,1,0.031531608476032646,1.0551830086579483,0.26302826695768544
ZFCVINDIA,Automobile and Auto Components,0.8352751333106383,0.6606165208150652,-0.4094043675274647,0.1704997384235397,0.535229630315321,-0.5770932889783194,1,0.1247063030922419,0.37064213938080054,1.0849776962666873
ZYDUSLIFE,Healthcare,-0.5136234979420998,-1.9801972018604963,-0.3296113397858289,-0.3273159108623831,-0.14969436676929,-0.2621967512032825,1,0.09610630089845579,-1.1840807606753863,-0.9551265758488607
