Symbol,Sector,TATA_Z,DSRI_Z,AQI_Z,P_OCF_Z,PEG_Z,DuPont_Discrepancy_Z
3MINDIA,Diversified,0.2999355657387288,-0.6619458321188253,-1.0369471743813412,1.132089140924163,-1.1416543811920645,1.1543461832104867
AARTIIND,Chemicals,-0.8981801881823205,-0.7443999067466864,0.06992695862449702,-0.6635945929818624,-0.23648348939445582,-0.6220041151951481
ABBOTINDIA,Healthcare,0.5754858877877562,0.13989055080314572,-1.1431170796899268,-0.07830738069967125,-0.13178877308234854,0.42135248416494947
ACC,Construction Materials,1.0574006420809847,1.0918968231459099,0.8789520220390612,-0.31886759000673914,0.6597606061911494,-0.936636141132329
ACE,Capital Goods,-0.24047010173313577,1.3255642098856006,0.7059518202353414,-0.17475810851188409,0.14023185317797035,-0.6265349058334047
ADANIENT,Metals & Mining,0.8724036809766358,-0.45172011691255676,-0.15903308956152812,1.8321750785371496,0.05730800406621943,-0.44560034380631397
ADANIPORTS,Services,-0.21816060678273466,0.05377518492944309,-0.21901376205933346,-0.3190543477403305,-0.10252193144248559,-0.454476274968504
AEGISLOG,Oil Gas & Consumable Fuels,1.8449440429764454,1.8054847744597726,0.03278678214714522,1.7394789790309555,-0.2297259383572297,-0.7007018507680078
AFCONS,Construction,0.3623046640020662,-0.3920008915257308,0.35999880485882063,-2.5427883950037047,1.694901100798432,-0.9608366823812254
AGARWALEYE,Healthcare,-0.6398235603436534,-0.31217309321277786,0.1167773454103788,-0.21322545660814524,0.16425282002941025,-0.3053851512091064
AIAENG,Capital Goods,-0.40679597635934245,0.014943314754209031,-0.7993937386285781,-0.16933574686130834,-0.6851694569354507,-0.47278212297577543
AJANTPHARM,Healthcare,-0.4010570774510217,-0.9590155849932723,0.4320577976179091,-0.24217849577495137,-0.12692226100984416,0.019269744021935514
AKZOINDIA,Consumer Durables,0.8057498194586772,-0.1578714514687875,-0.14853129399068862,0.25775852073189676,0.6446174327466442,3.1910066406597104
ALKEM,Healthcare,0.12004574045584727,0.02403468752184348,0.27660739945986634,-0.21272984132972406,-0.14474334465588024,-0.1578990626090664
ALKYLAMINE,Chemicals,-0.2630829854763674,-0.3030290630976118,3.477766780083703,-0.10255392976378226,0.27166859488955253,0.15760202561645903
AMBUJACEM,Construction Materials,0.9978572588798099,0.8757150952477878,1.0130423018901862,0.13425521487872955,-1.0411562147853726,-0.7477899061869725
ANANTRAJ,Realty,1.5548997345892506,-0.056258523166389615,0.7958561786407558,0.8918603472613023,0.37224810727101165,-0.6985862795785978
APARINDS,Capital Goods,-0.8063724852515143,-0.5804164740498005,0.31826865088105194,-0.18007767237379893,-1.4205276588849944,0.3070741433488298
APLAPOLLO,Capital Goods,-1.0625338988982784,2.3465834306233258,0.6099562033373153,-0.16861566932581618,1.8220160197162476,0.028206669738644247
APLLTD,Healthcare,0.5390782268149568,1.0558238008418026,-0.3565876878682237,0.6611322521265104,-0.2461475187571985,-0.15949633939138727
APOLLOHOSP,Healthcare,-0.2841364410907476,-0.04919545098114424,0.05063821334490123,-0.15994993002486876,-0.15064931172303936,-0.18917000086618138
APOLLOTYRE,Automobile and Auto Components,-0.42460946377377434,0.3192602865944956,-0.09983641732643778,-0.2785947055535887,-0.18497541139098497,-0.2467711277386902
ARE&M,Automobile and Auto Components,-0.675196201160492,-0.12448225842629676,-0.3873941431494388,-0.3495622701694992,2.0659622597794662,-0.2477418742259095
ASAHIINDIA,Automobile and Auto Components,-0.874512566139659,0.6258212037911005,-0.5864629099172608,-0.18157484735112833,0.7109331728389892,-0.4057032381344446
ASHOKLEY,Capital Goods,0.2812446492478273,-0.9256110101663675,-0.1709890365162132,1.7335198700683585,0.15387368987936909,3.9998994854252357
ASIANPAINT,Consumer Durables,-0.3404443182471668,-0.4590597620878579,-0.2416563162451901,0.29363757886627395,-0.42980295854979406,1.1458405739997921
ASTERDM,Healthcare,6.350632125698411,-0.34286960453738363,2.5717818898210973,6.686158124360597,-0.16572542020402753,6.065046879173573
ASTRAL,Capital Goods,-0.517637507944949,0.2423346200390315,-0.39817496357395005,-0.07624982237770654,-2.4151089952853875,-0.2280442675634484
ASTRAZEN,Healthcare,0.2802138949567328,-0.7051057306668118,-0.22547898930669566,0.7951282638629376,-0.22885843684637908,-0.03128814896126177
ATGL,Oil Gas & Consumable Fuels,-0.028047784803743748,-0.3462715656096323,0.027792767687155925,3.2469645815678545,-0.5746248177656605,-1.311943769969545
ATUL,Chemicals,-0.0469798146291606,-0.0846310441538778,-0.6040487098471338,-0.3642934470387113,0.12327213405529969,-0.5167303044243876
AUROPHARMA,Healthcare,-0.0756054172714095,0.15847124554262615,-0.20096287664070628,-0.29589787044189464,-0.13600985185372083,-0.30677001879026516
BAJAJ-AUTO,Automobile and Auto Components,2.8509886500099912,-0.5771661307552545,-0.23249837760706327,-1.38109746161503,-1.03773009991046,0.5429370306754381
BALKRISIND,Automobile and Auto Components,-0.09633749323445685,-0.49452047065032906,-0.1455912908525129,-0.24370738393075925,0.287273306971685,-0.16325109209467298
BALRAMCHIN,Fast Moving Consumer Goods,-0.06282916601849722,0.10997411520981647,0.04589067826326187,-0.5272384982129107,-0.4094137136791848,-0.6006747465968086
BASF,Chemicals,0.6438284007491367,-0.37543577695237534,-0.4192039869044063,0.634060720436438,-0.34680725937088186,-0.32719268994394174
BATAINDIA,Consumer Durables,-1.7632448612634948,1.8524711796506759,1.1068572259929803,0.27459169637308245,-0.06457200075056402,1.36055140360628
BAYERCROP,Chemicals,1.390315314681742,-0.4179700624126348,-0.4262023356370938,0.9936907454127075,-0.13864739298314208,4.324325041124609
BBTC,Fast Moving Consumer Goods,-1.597140738971887,-0.32618632100300615,1.2654473602935459,-0.7252603544845159,-0.34280600674487044,0.11899409054588372
BDL,Capital Goods,0.227013513371923,3.1215807908307487,0.3588497048373441,0.4675920036624852,-1.0061905430723825,0.5693329215705
BEL,Capital Goods,1.388371936915074,0.023269739109361025,-0.20713990898072485,1.0074570979627695,0.19449430936995943,1.4847129411353832
BEML,Capital Goods,0.033264063744043705,0.6042926564975022,-0.2677045872695148,-0.03770304974575704,1.6424214178217493,-0.17818216653562582
BERGEPAINT,Consumer Durables,-0.07525081166880937,0.6252549091436354,-0.277497096137369,0.29199959222101285,3.7255490585850817,-0.05068710613560461
BHARATFORG,Automobile and Auto Components,-0.7204507011686724,-0.4115963987307048,-0.23697241100456393,-0.23040632903443056,-4.249487458799145,0.16796945044139353
BHARTIARTL,Telecommunication,0.16919650818934082,1.8157190299159072,-0.042647283666200915,-0.5645656468345168,0.261914887634073,-0.00010367715484864929
BHARTIHEXA,Telecommunication,0.08698276673943482,-2.072965667969497,0.3886365023862813,-0.4267450727314767,0.32616985038289614,-0.4751184307270635
BHEL,Capital Goods,-0.5653527621020719,-0.0949074389831994,-0.34387810146509884,-0.12821922189792623,0.262155936307873,-0.9673088866677068
BIKAJI,Fast Moving Consumer Goods,-0.02686053694145271,-1.0231399125617595,-0.9397518491799882,0.2527543464130985,-0.5222079886170018,-0.5911034795062807
BIOCON,Healthcare,-0.44011916743215485,-1.103505226992118,-0.27111414193443567,-0.259778743226347,-1.5890402328328859,-0.2933300576253492
BLS,Consumer Services,-0.9434221150927136,2.570802340241096,3.61676105959617,-0.22800107219123417,-0.07030870976438439,-0.6188172167980873
BLUEDART,Services,-1.4499489595749442,0.1653446449009743,-0.6331334803364435,-0.37026961564327654,-1.245435076526575,0.22189648256157202
BLUEJET,Healthcare,1.549647357911389,1.4965488301283323,-1.4172432394697896,0.6819323026317553,-0.16113733827832655,-0.25270639879962753
BLUESTARCO,Consumer Durables,-0.11044578221977994,-0.9402361580719486,-0.4214938976235204,0.2950985200062135,-0.14168126784308668,-0.2929137121696
BOSCHLTD,Automobile and Auto Components,-0.2842198726080061,-0.2010290156284053,0.06775468573084555,-0.22338364847668393,-0.30173681512505185,-0.02665248457217094
BPCL,Oil Gas & Consumable Fuels,-0.2908612097416928,0.5381602317791505,-0.04608087028087708,-0.48782144240571357,-0.24466544848375482,0.6949862955114756
BRIGADE,Realty,-0.4978308522926202,1.2825157076035554,-0.05619670744220617,-0.5242711322420229,0.30407589282406006,-0.45063423527154467
BRITANNIA,Fast Moving Consumer Goods,-0.6573286735963892,-0.23962595695881986,1.9368692834546413,-0.1600954293569192,1.3155657129497047,1.14178227820131
BSOFT,Information Technology,-0.18012769278905857,0.33354153487506866,-0.40138692698845796,0.13622478014094846,-0.01890653810127348,-0.5765105300262215
CAMPUS,Consumer Durables,-1.4294755464191196,0.6016191941368304,1.82293819446593,0.2751617033454554,-0.13762588414103924,-0.5269744584327131
CAPLIPOINT,Healthcare,0.2734774409827878,-0.2338005717679552,0.35660095052689034,-0.21678835647721897,-0.14333128735262352,-0.2597245117100877
CARBORUNIV,Capital Goods,-0.2607386147086454,0.0929270150188044,-0.2640348211902865,-0.03265894622491891,-0.3002029994841579,-0.41863448438771617
CCL,Fast Moving Consumer Goods,-0.009388571058935459,0.1491510864141157,2.235238133696686,-0.2800521816575359,-0.26665393649082764,-0.611327316710168
CEATLTD,Automobile and Auto Components,-0.9425365815805613,0.5404358718878407,-0.13773193328090025,-0.3497120002553858,-0.18332751030963465,-0.20545348290065368
CENTURYPLY,Consumer Durables,0.8080269809039505,0.05739263426507242,-0.2609750670594486,-4.098163313557492,-0.41400071537219796,-0.7632052500534289
CERA,Consumer Durables,1.2590442851240673,1.5223564597750119,-0.09403478419180077,0.29518814796895315,0.32665880997008506,-0.15900452664261755
CESC,Power,0.5451141890286729,0.3176802819626103,-0.2493711293469285,-0.38644648074022797,-1.515490069886486,0.37993569366403934
CGPOWER,Capital Goods,-0.1696071657407386,0.022114831722941812,-0.17058503111948134,0.026347136316008875,-0.4021397681813008,0.49783745031797005
CHAMBLFERT,Chemicals,0.8044041808929936,2.899920504176337,0.021306508068590985,-0.6852982432034083,0.07669246770691251,0.1645079422412054
CHENNPETRO,Oil Gas & Consumable Fuels,-1.019471947214071,-2.2148507455546587,1.5226249207896714,-0.6156132878674881,-0.2445543340895468,1.2146413379642058
CIPLA,Healthcare,0.05968413892184789,0.11352726367622173,-0.35076376120555075,-0.2624291963646825,-0.15360825851036672,-0.1877960719346148
CLEAN,Chemicals,0.9519007363266423,-0.1112969085390913,-0.33470406713687695,0.2670774481903359,0.6009506236195498,0.18500462000897377
COALINDIA,Oil Gas & Consumable Fuels,2.38360224262291,-0.33795914120221604,2.2340318710217626,-0.20545604217272526,-0.2524539021290047,2.9499363875809115
COCHINSHIP,Capital Goods,0.9417501393316994,-1.667556329447006,-0.5672805863882965,-0.6750612830354543,1.2907019008608336,0.3235412964050219
COFORGE,Information Technology,-0.5645452772575938,0.7913458006051556,0.07515982352508516,0.19962727140500822,-0.22256816880917912,-0.31871780952621775
COLPAL,Fast Moving Consumer Goods,0.14271554296676212,0.4448194552474008,0.6903720831931626,-0.2583590785725847,-0.09599376928763768,3.69493900529002
CONCOR,Services,0.011480092569415363,0.4289856039153857,-1.8382553809551065,-0.12039586056940589,2.36058957792302,1.0754941545088719
CONCORDBIO,Healthcare,0.5285058498028304,0.9864492525458387,2.232734065092825,-0.004904508938249198,-0.13275705864624399,-0.12819920665451767
COROMANDEL,Chemicals,0.09667425229581382,-0.8403471464515453,0.7495037975723683,-0.32477378788543215,0.18216109887775778,0.037062006149336975
CRAFTSMAN,Automobile and Auto Components,-0.19260398320238786,0.9091912847627475,-0.5471676747973482,-0.1363236389877173,-0.2498680330553622,-0.6129030566084424
CROMPTON,Consumer Durables,-0.4058671354652816,-0.6205241581244032,-0.43197046050907345,0.2695861472634774,-0.17197486006137797,-0.1681415978632583
CUMMINSIND,Capital Goods,0.20518969337797263,-0.4068551083155565,-0.31873225754289847,-0.06688784147551038,0.44634847296897934,3.1625074031959106
CYIENT,Information Technology,-0.32362861333277304,0.9095077210073222,-0.4777283585764066,0.11355943321723254,-0.03924776036985277,-0.4742081686508435
DABUR,Fast Moving Consumer Goods,-0.3143224753980191,-0.5851732240261109,-0.3182729138181501,-0.28538281227225815,-0.9281152835124774,-0.26860798235492916
DALBHARAT,Construction Materials,-0.2757283389971669,-0.5573070986199671,0.05248955371145423,-0.3613995778035575,-0.5264668659844588,-0.6849997609465869
DATAPATTNS,Capital Goods,2.133604943749421,0.15652626826082533,0.23843851184002082,-0.6735303477348762,0.3697829885637627,-0.34098395966471173
DCMSHRIRAM,Diversified,-1.1156431901899306,1.1503451065231771,0.9584229230884697,-0.3691165817169741,0.7207236729721154,-0.5524007889158232
DEEPAKFERT,Chemicals,-0.7347479783122463,-0.3894673915466525,-0.18977208905038515,-0.7755149705144978,0.060009568105530334,-0.34187722743516114
DEEPAKNTR,Chemicals,0.5922134186600309,-0.3899127482647693,0.0674342502229718,0.23676615596358697,-0.3184751359225085,-0.29666845181408646
DIVISLAB,Healthcare,0.268254316661122,0.0022150910747703845,-0.4344668268456887,0.13140977252792727,-0.1374343241546682,-0.11872251530510888
DIXON,Consumer Durables,0.037656741610686315,1.7581070863779393,2.84340042924424,0.2879992213795472,-0.2542943039659675,-0.7439352858081916
DLF,Realty,-0.45712020416676075,1.0890081964475034,-0.7374262050718493,-0.37999371332378357,0.35171095280326237,1.8878978176279209
DOMS,Fast Moving Consumer Goods,0.11746925279679482,1.8440156621921178,1.1483441505274743,0.17641393348076054,-0.20440395542190365,-0.6043863546249212
DRREDDY,Healthcare,0.17290461477665192,-0.34373341917360295,1.0910933700942027,-0.271550799472463,0.059611139468666474,-0.23617575809415103
ECLERX,Services,-0.08657679170189012,-0.6398099450086957,-0.12452621413769124,0.18526915941493294,1.091753462798132,-1.2413651404851096
EICHERMOT,Automobile and Auto Components,0.5130574348645744,1.072931923454523,-0.2792581540790554,-0.15021497940774933,0.22612913709708618,0.5868034443978833
EIDPARRY,Fast Moving Consumer Goods,-0.8106640620371617,-0.9728508241455812,0.760545358185634,-0.7067555369161587,-0.6806582854431338,-0.5851140382170065
EIHOTEL,Consumer Services,0.6422227875004785,0.04384347489523993,-0.06290173317841428,-0.19353080386872834,0.0795811184194405,-0.5414341463373002
ELECON,Capital Goods,-0.3140092980855965,0.528499543209241,-0.5400920979169254,-0.19229384816004208,0.018806421097636604,-0.5626267857369918
ELGIEQUIP,Capital Goods,-0.4125922051411123,-0.4258836369203965,-0.3016774547005923,-0.14987983104372452,0.41737872847787594,-0.04445129312942914
EMAMILTD,Fast Moving Consumer Goods,-0.5102178248614111,-1.010458524110072,-0.45362663999630104,-0.4619532273212125,-0.21831717559802008,-0.09280812220183453
ENDURANCE,Automobile and Auto Components,-1.3081239424825577,-0.19969591361559816,-0.5348963320583261,-0.29225048846563917,0.1859952907347648,-0.3492720713891335
ENGINERSIN,Construction,1.506223002969372,0.8107227840190808,-0.22300685728663616,1.733461190397901,0.1260620172919143,0.47080543545433606
ERIS,Healthcare,-0.8600309396215489,-1.486528574664606,0.12801706348181355,-0.3017758430485887,-0.2434118952164041,-0.18285583152766505
ESCORTS,Capital Goods,0.05198583378300323,-0.6177171683538913,-0.08213826390638738,-0.135648411017426,0.24441152624151427,-0.17863198048848458
EXIDEIND,Automobile and Auto Components,-0.3655567180954637,0.6306347750458152,-0.23650014621664645,-0.27788449749419836,-0.5769487042404077,-0.5312932577181887
FACT,Chemicals,0.16965042817314416,3.1541079103452376,-0.32056501842165297,3.3702546091065724,-0.9571881125340582,0.39857067133549823
FINCABLES,Capital Goods,0.8668445576501788,0.9114745418293889,-0.17682124152355674,-0.08864260208607219,0.2965859004708738,-0.3996463437677994
FINPIPE,Capital Goods,0.5609641476950037,-0.7251692967333888,-0.25460994185772556,-0.12493514316742461,0.03878018482471321,-0.3035844504677332
FLUOROCHEM,Chemicals,0.44016922795699714,0.6578534668691332,-0.13053154273578244,0.5749780100931021,0.3206311478654308,-0.6719861206053046
FORCEMOT,Automobile and Auto Components,-0.5570651644121603,1.7840613014253266,-0.04190539210622226,-0.32341734821967916,-0.015097482751584212,-0.6052426239825334
FORTIS,Healthcare,-0.40298139030242847,0.3592947450518767,-0.29732734876790345,-0.19411493659591256,-0.13188309855182578,-0.26367806322009046
FSL,Services,0.23580417858048489,0.12010843415733428,-0.47532754580119063,0.243358580285433,0.4125497826510966,1.4112683428513215
GAIL,Oil Gas & Consumable Fuels,0.563206523506822,-0.3497265610866535,-0.2547729790573429,-0.262808301709512,-0.2412291097535481,-0.12631525392778548
GESHIP,Services,0.18300088639641154,-1.0125595200674542,2.673229809865997,-0.7966554268888033,-0.5628158115130923,0.10381960839034057
GLAND,Healthcare,-0.1641260640776166,-0.36546843349614977,-1.1778281636331522,-0.24525107530414383,-0.22231074260138353,-0.17947643847581507
GLAXO,Healthcare,-0.7481552609874365,0.7671114676084076,-0.5229242485144431,-0.20696338435554323,-0.15363020079475645,1.0519962756017764
GLENMARK,Healthcare,0.9886647602581105,2.5819071123904913,-0.5847117370944314,-0.8114672292700997,-0.16107128223876593,-0.2787168358422619
GMDCLTD,Metals & Mining,-0.09452513353115176,-0.9608233908101524,-0.47618625534752534,-0.5448471392431784,0.7040350017273433,-0.2609169937987098
GODFRYPHLP,Fast Moving Consumer Goods,2.2081581132085257,3.4354422001749025,-0.4487557601782907,3.3188044157157246,-0.27089361230131836,-0.2721698856109473
GODREJAGRO,Fast Moving Consumer Goods,-1.7143649629769637,-0.07740173904045634,-0.36256969419011903,-0.6564215802935469,-0.28426527878100877,-0.31105418715101923
GODREJCP,Fast Moving Consumer Goods,-0.7016130539600294,0.05050675709338898,-0.621584196388223,-0.24495778920431055,-0.3428243287028569,0.28020421252827954
GODREJIND,Diversified,0.8157076244512018,-0.4883992744043502,0.07852425129287104,-0.7629725592071888,0.4209307082199491,-0.6019453942946633
GPIL,Capital Goods,-0.41576674595917484,-1.581744746379594,0.8071734955133342,-0.19835412593824844,-0.22543415519846538,-0.5824692861323324
GRANULES,Healthcare,-0.49558376345039645,-0.4622666208883743,-0.48488375527979466,-0.30943441910669195,-0.1483429676587669,-0.2722612659357753
GRAPHITE,Capital Goods,-0.29966660629419767,0.002452474750954567,-0.15784462832375953,-0.13576788364928857,-0.13748465708040025,0.039521754510134205
GRASIM,Construction Materials,1.3169692488625566,-0.30349508126347413,0.37500311822731,-0.671473312241348,-0.36993431946931205,0.11847975127456883
GRAVITA,Metals & Mining,0.8559922313499366,-0.6947520348521085,1.2052633224635079,1.0355356848312882,0.8118603301093877,-0.3867806937975492
GRSE,Capital Goods,0.4620179446352429,-0.41275807839058887,-0.2292476597179174,3.8542050108856616,0.1193860094011897,0.6662470698560268
GSPL,Oil Gas & Consumable Fuels,-1.4572323062124088,-0.2193611357778222,-0.5267108708055669,-0.35938541373913574,-0.2467670345527971,-0.41864918329630735
GUJGASLTD,Oil Gas & Consumable Fuels,-0.46487376798783997,-0.3093713531948426,-0.7760089493518707,0.15351248684971672,0.1213558415104215,-0.24746630088338953
GVT&D,Capital Goods,-1.1082753096663542,-1.1320707011883404,-0.5035375049245909,-0.09016119964808848,0.04540491937584885,-0.19656007592011326
HAL,Capital Goods,-0.918018345534475,-0.4264998672718323,-0.45027191504708514,-0.19051703813798915,0.4576589348965713,1.1348897457941505
HAPPSTMNDS,Information Technology,-0.17064585930050202,1.1277060408268205,3.9676060309951016,0.1653311118955857,-0.016617377734873498,-0.5480539817399327
HAVELLS,Consumer Durables,0.03969994521653672,-0.4582459252775417,-0.5516960722160762,0.2953441233910382,0.01200393171651658,0.06201310436812819
HCLTECH,Information Technology,-0.8211193660691755,-0.2364752420876115,-0.25295593623956214,0.1276603852039449,0.09283289737079606,1.1992024082401833
HEG,Capital Goods,-0.6321710231469239,-0.33167505354977156,-0.046148867705380237,-0.2026015276254743,-0.08575396757412332,-0.4790083601758478
HEROMOTOCO,Automobile and Auto Components,0.07621741266557584,0.6340583649207794,-0.39042516490760865,-0.29061332890001107,0.12642452557693826,2.2547345889228567
HFCL,Telecommunication,0.40011321405164796,0.38395758198575836,-0.2223170737227818,1.9852013069875716,-2.00678668541434,-0.9388487079872078
HINDALCO,Metals & Mining,0.16732170894644263,-0.1838704613193643,-0.7731791416813215,-0.739681265398591,-0.024028042651230937,-0.43169915705175704
HINDCOPPER,Metals & Mining,0.309678261156761,-0.31725038912256565,-0.6902615834545185,1.8415946626883817,0.7192054745275738,-0.31883505723907346
HINDPETRO,Oil Gas & Consumable Fuels,0.043633718447260446,1.0483967297980383,0.15569778447948845,-0.5334647030911821,-0.2445130068545576,-0.2515033657220474
HINDUNILVR,Fast Moving Consumer Goods,-0.347305861950605,0.3594691825182031,-0.14595215871674108,-0.2777817149983113,0.31645962415586437,0.45650012570489956
HINDZINC,Metals & Mining,-1.0760778546599548,-1.1357806298452051,0.19401093450322138,-0.23924997792440836,0.35945219136166606,3.365114222206087
HONAUT,Capital Goods,0.01546987789032813,0.24599322711736318,-0.2859210777056792,-0.05022303634212185,1.739567469862582,-0.4090232037011682
HSCL,Chemicals,0.8199562190691986,-0.5175244254242388,0.3415659492297939,0.24447884198137806,0.23928035208682175,-0.6177700135222502
IGL,Oil Gas & Consumable Fuels,0.32976067570777956,-1.4768991209565496,0.6498152311582781,-0.0015767500468131287,-0.2513976273468113,0.3861727262024985
INDHOTEL,Consumer Services,0.6177937710158962,0.062072588625097846,-0.7229379889151848,-0.15204664775172025,-0.0030417399348184582,-0.48173535506608334
INDIAMART,Consumer Services,0.5964004847661476,-0.7553341164066618,-0.3305249238181271,-0.21185445896121843,-0.06840112219946994,-0.05429082794521896
INFY,Information Technology,-1.2937473266293982,-0.7332608444952184,-0.249329292459945,0.10827031693403527,-0.46026855416629425,1.0264364582759253
INTELLECT,Information Technology,-0.3819619732305634,-1.284682187310842,-0.280730252457454,0.1583351252505899,0.44357196018974676,-0.9120048196116735
IOC,Oil Gas & Consumable Fuels,-0.07536193766907352,1.5029518288404704,0.047522629902712624,-0.5204971071791377,-0.24459695568375533,-0.10239638591935302
IPCALAB,Healthcare,-0.4213915204483169,-0.494429199465969,-0.5338594961166013,-0.2558013200062205,-0.14632424330075533,-0.25520539283129184
IRB,Construction,1.383794490080884,-1.469682692599989,-0.189740007936395,-0.15188658696802376,-0.23602706212014732,-0.8094158563363673
IRCON,Construction,1.6080258765944904,2.1544331909035312,-0.19117107269704361,-0.720869884562699,-0.856348024512022,-0.014071884738815524
IRCTC,Consumer Services,2.003131807953233,0.15589934253235316,0.8716602091880498,-0.13747435442359207,0.06889104165706898,2.398530240824545
ITC,Fast Moving Consumer Goods,3.1362489089730334,-0.3024216407680968,0.3180511290601336,-0.2163672523010556,-0.332546763200663,0.46295011431116434
JBCHEPHARM,Healthcare,-0.48239572746075715,0.00536758013787435,-0.13857871047636167,-0.23128497310889687,-0.13384855585575375,-0.06258515703222746
JBMA,Automobile and Auto Components,-0.5495174159348267,1.4129819646446349,0.42815937828760464,-0.22918128825008247,0.5811889879741219,-0.4894737438730647
JINDALSAW,Capital Goods,-0.6261845564750462,-0.09650106311962854,-0.7259142607888642,-0.23274857316886277,0.27882270733429915,-0.7354484005069267
JINDALSTEL,Metals & Mining,-0.8070106067177808,-0.7377504127480699,0.3340249882005525,-0.584430404864474,-0.7381886107693288,-0.44023525168116495
JKCEMENT,Construction Materials,-0.5829439564841713,1.2756258054814638,0.6494879249998284,-0.24520577627885667,0.9499040152751523,1.2423590491473988
JKTYRE,Automobile and Auto Components,-0.24048789609265855,0.038841488030163164,-0.11380483723817349,-0.33179162921483474,-0.11370638735503581,-0.39321586311689544
JSL,Metals & Mining,-0.2998506710663439,-0.23046258865473226,0.4494864772327168,-0.45364853647017084,-2.563929134773515,-0.39684100557631447
JSWENERGY,Power,0.7767521016108311,2.885169016056752,-0.24397818782376057,0.2834274703291146,0.7255721287780116,-0.8795678401397699
JSWINFRA,Services,-0.07515086898596608,-0.19281524740854267,0.19257963951397544,0.05336784716684762,0.20153617347425162,-0.8401349146779831
JSWSTEEL,Metals & Mining,-0.47425169903637304,-0.05951941626456881,-0.32895084641849287,-0.7049993583286022,-0.7642109250659933,-0.36448926766965356
JUBLFOOD,Consumer Services,-1.8448269795622374,-0.36225997167041274,-0.29147610380190286,-0.22267344252305127,-0.310744545724643,-0.2837517409965002
JUBLINGREA,Chemicals,-0.39388832597640155,-0.009416836291435606,-0.32085531752259794,-0.4640795851386798,0.17195716759437443,-0.08165892804339414
JUBLPHARMA,Healthcare,-0.15549078850375544,-0.771255665340376,-0.29603838111770636,-0.23629919180952624,-0.16552610191035158,-0.2618528987326967
JWL,Capital Goods,0.7419062426461939,1.7738390432186768,0.7366991875363933,0.15302394578387454,0.5093629488100693,-0.46599651502455314
JYOTHYLAB,Fast Moving Consumer Goods,0.2739425441899695,0.6129225846000684,-0.5679010249163557,-0.37675747493195344,4.561652699815941,-0.39172084755413905
KAJARIACER,Consumer Durables,-0.8652748434279953,-0.6360839815117101,0.36200231647509284,0.2683124085333942,-0.3779789145892502,-0.08155371917759738
KALYANKJIL,Consumer Durables,-0.47616595600706274,-0.5660480597549079,0.600801967589898,0.27369075888167654,-0.06943055864937839,-0.558637060645335
KEC,Construction,-0.26808764327613616,0.04858549088293359,-0.8643948838353368,0.33223789659589786,0.0014497143353177748,-0.6326754448524313
KEI,Capital Goods,1.1761002571425176,-0.24368541593968665,-0.5248984753415921,-3.1807849020256347,0.3669636837694664,-0.8553259063653726
KIRLOSBROS,Capital Goods,-0.11342883359306799,-0.8591492631470431,0.41441803740096356,-0.14965637613143803,0.22428441518155134,-0.3881282797360817
KIRLOSENG,Capital Goods,1.40539607761705,0.03015208578382177,-0.13947857395463742,-0.30869745980718954,0.4118271056266291,-0.21681425703204577
KPIL,Construction,-0.69095789348913,0.2396468905691562,-0.5287215879304882,-0.09457905721387715,0.7479508974387101,-0.6143279221790162
KPITTECH,Information Technology,-2.1565368274724372,-1.0500551620986214,-0.6289981915711969,0.1517768927791985,0.05274832309781967,-0.43420841519850156
KPRMILL,Textiles,-0.07536120564201057,-0.8554072939535323,-0.9751219467955305,0.08164204217933477,1.7013153440176323,-0.402707486760434
LALPATHLAB,Healthcare,-0.25586734760863783,-0.13866315243258373,-0.31779106374240595,-0.1758251141527852,-0.14671663253025674,0.030716891305925767
LAURUSLABS,Healthcare,-0.22176877876503776,0.18193654823462227,0.14444181947483326,-0.12217943300790987,-0.15605862384115635,-0.2727610073697314
LINDEINDIA,Chemicals,0.030572911781900042,-0.34620283760763115,-0.45447549285270294,1.2031120549447558,2.7346580918740844,-0.0958528887941895
LLOYDSME,Metals & Mining,1.0763958764009032,1.9176485802951864,0.18573439352363846,1.4453003919825749,2.1221142903561208,-0.4238946947617427
LODHA,Realty,0.5181608211190242,-0.8610790130787053,0.35862388858944844,-0.1527686480904528,0.2461049314806605,-0.12511816029177336
LT,Construction,-0.08221101580915299,-0.36731756502195884,-0.20534649917515374,0.7172515801645906,0.902036314678003,-0.12551011734222983
LTFOODS,Fast Moving Consumer Goods,0.2292685825872785,-0.5162536710755832,-0.40883682054787707,-0.4717561603534352,0.165837480138474,-0.551435514252835
LTIM,Information Technology,0.1919361625115681,-0.07466615483241354,-0.38498679391688156,0.20529884248248606,3.7942041430767217,-0.25237644746552756
LTTS,Information Technology,-0.3150240965076177,0.5906687380476708,1.07365149183005,0.18059212822948725,-0.3431667481058264,-0.2303930924477016
LUPIN,Healthcare,0.08077149717826639,-0.10090193674120398,-0.021546827295783236,-0.2580310341580376,-0.16122518196173935,-0.2317459952406377
M&M,Automobile and Auto Components,0.6423095749601405,-0.32155277762053697,-0.24140670742317438,0.28397718018432067,0.2074920796612149,-0.1488214548416508
MAHSEAMLES,Capital Goods,0.10607862132917359,0.8716287122545756,-0.6254098719445651,-0.21448773226460832,-0.07097654560723107,-0.432004555094885
MANYAVAR,Consumer Services,0.8749294417747051,0.011324328825598634,-0.4234196167364853,-0.18287058533716863,-0.5655632636470206,0.7491824119149201
MAPMYINDIA,Information Technology,0.9201922296487831,0.5698083306174739,-0.6306633607837695,0.38565391211041533,0.21194568655522067,-0.8471816806759803
MARICO,Fast Moving Consumer Goods,0.43943176431671405,-0.29486300200254756,-0.7929871933942136,-9.086624531045171e-06,-0.06825845500718176,-0.16262896993939768
MAXHEALTH,Healthcare,-0.2144557907895403,0.40096936161825947,-0.41675967056166213,-0.06351343658792384,0.5642712360670438,-0.2519708647607595
MAZDOCK,Capital Goods,-0.06355530228969948,-2.2000143600567585,-0.3413411838341727,-0.111360964808421,0.22636165858255863,1.6526565418671002
MGL,Oil Gas & Consumable Fuels,-0.17053452043931497,0.22871466243621896,-0.3621612270375134,-0.2464839187415236,-0.24751981546269566,-0.12353906810293051
MINDACORP,Automobile and Auto Components,-1.0117796437591033,-0.40630031882200834,5.020368404979785,-0.2807019948851015,0.48528716839414665,-0.4733652502552031
MOTHERSON,Automobile and Auto Components,-0.4429006032193825,-0.3214423848259878,-0.06760755226471503,-0.2751225518180821,0.10143830109050997,-0.44189962460656873
MPHASIS,Information Technology,-0.13284029947008225,-0.9048373811836538,-0.2905984405366954,0.15702257958782923,0.11843122745641577,-0.025272392741127688
MRF,Automobile and Auto Components,0.02701093022030008,-0.03203229133120179,-0.2507118553347718,-0.2189881142848302,-0.46562731636763255,-0.6910633907944875
MRPL,Oil Gas & Consumable Fuels,-0.4998084357729734,-0.5803044913101995,0.3047605621766173,-0.678111936897418,-0.24536286420405756,-0.7568546651389612
MSUMI,Automobile and Auto Components,2.7041744446594977,0.8594578679908739,-0.2903517730220926,4.53292275601528,-1.3080628564623789,-0.3521246230304234
NATCOPHARM,Healthcare,0.18419164838446647,-0.5466559870271458,0.3960747699827789,-0.3329704284220202,-0.1615721202080119,-0.2567394252072201
NATIONALUM,Metals & Mining,0.29510394450819827,-0.4841386622308344,-0.8377879057419886,-0.7077728963840277,-0.12991208597110404,-0.02897409178647923
NAUKRI,Consumer Services,0.9078009899675326,1.4028954148299468,-0.11186907317611758,-0.11346879746315457,-0.01834715023859797,-0.6626420537315062
NAVA,Power,-1.2040088695073559,-0.6144913081239595,-0.23834787473430233,-0.35451583914517987,0.37286256991370503,-0.819701182605382
NAVINFLUOR,Chemicals,-0.5140780126819613,-0.17082863435640772,-0.8334760704100883,-0.015491625742749253,1.3702909507684347,-0.20117092694273228
NBCC,Construction,-0.5980342347434334,-0.40612341316358497,-0.5441171663680836,0.4087910737418654,0.5496901582271038,1.5904188343967396
NCC,Construction,-0.335091040320805,-0.0491399517664601,-0.5438771836194453,-0.11985804826449252,0.21419496780950714,-0.64175494525013
NESTLEIND,Fast Moving Consumer Goods,0.2791025830427836,1.5343155141461775,-1.408949443671785,0.2400265780878347,-0.23435955742825212,2.0682928260564077
NETWEB,Information Technology,3.1795905048958875,2.2002139345379312,0.5041276272425025,-4.986650777857156,0.10534362509259267,-0.8733900614026509
NEULANDLAB,Healthcare,-0.22354285621150116,-0.8010357380578939,-0.5219545535483988,0.014170993775874004,-0.26635374706413556,-0.2652012806247906
NEWGEN,Information Technology,1.1927683331243484,0.6451520783699093,-0.7055164643160444,0.27441122330914375,0.06465931707521491,-0.7196625661090235
NH,Healthcare,-0.22907161709544951,0.5439955996878387,-0.23861669514408693,-0.18954302769413553,6.602858927798832,-0.22761303949173037
NHPC,Power,0.8122732302662036,0.3150478786683238,-0.2891496984933489,0.06696483240986847,0.18140047031070658,0.6533973967911606
NLCINDIA,Power,-1.6168633968576898,-0.8663325557017556,-0.3627282999680093,-0.6193681028965565,0.3185953663923296,-0.5309022094922529
NMDC,Metals & Mining,2.45555556409555,1.6420701072763555,-0.7460992419870504,0.6789114506394859,0.27367912684643236,-0.1134475134150168
NTPC,Power,-0.04598945201666363,0.4095214617340958,-0.24288942837742675,-0.3955914876688499,0.3908096850331056,0.18780133086699063
OBEROIRLTY,Realty,-0.049926589198268846,-1.9688531305043317,1.9855052423928399,-0.4350882253524073,0.8541261236886742,1.2310187397777415
OFSS,Information Technology,0.5326420212071206,-1.091889492538067,-0.505227884621454,0.17492816365405503,0.14049472835316187,1.3508243471523758
OIL,Oil Gas & Consumable Fuels,-0.23146277837075308,-0.10721768121947131,-0.7650346579409228,-0.3631855277560536,-0.22332929848537197,-0.34082595058337584
ONGC,Oil Gas & Consumable Fuels,-1.2196724302868849,0.20558969491106321,0.09937315157370756,-0.5371747040839943,-0.24570981875497733,-0.14923649368686023
PAGEIND,Textiles,-1.4085269445908621,0.27138067826099294,-0.827527969590458,0.8918388188773336,-0.3083324129385183,1.7861833391063342
PATANJALI,Fast Moving Consumer Goods,1.090555525806366,-0.420633298148469,-0.5575407785396569,2.36996324012058,-0.3215266063009684,-0.5575998079000589
PCBL,Chemicals,-0.014550774713734806,-0.736689948325705,-0.6564393470724661,-0.4484993036856881,-0.340460881759966,0.6694389039745265
PERSISTENT,Information Technology,0.7445010379739959,-0.5112718708795897,-0.38404145201526724,0.3473865302282008,0.08681124290201375,-0.3696150149282502
PETRONET,Oil Gas & Consumable Fuels,0.905695224898453,-0.35512463788199566,-2.537093238929108,-0.1620048752293846,-0.23583646749270412,0.5553396601647851
PFIZER,Healthcare,0.1851103748625736,-0.3350324824518357,-0.5220570506807001,-0.21415308385609194,-0.1552723597171847,-0.17243305766763692
PGEL,Consumer Durables,1.334864267405253,-0.0706810194954384,-1.4782758260568694,0.06269220696127698,-0.22559875284388742,-0.857654010426384
PHOENIXLTD,Realty,-1.4866172448383954,-0.12343131306963775,-0.008613815906149562,-0.4369658732706796,-2.6329687653281204,-0.4097901009069044
PIDILITIND,Chemicals,0.193998610786242,-0.09763878708467068,-0.6473153726356863,0.7296692321209485,0.4735351333999273,1.377514651460773
PIIND,Chemicals,0.7673300352092223,1.1380771545781574,0.6609853566599077,0.10488596360906413,-3.3175333570062757,-0.20761413107105836
POLYCAB,Capital Goods,-0.012483082463882808,-0.12454268095968378,0.4552581922744744,-0.10976742097642848,0.453966574856576,0.3216317781230156
POLYMED,Healthcare,0.25949784421981203,0.05114804436536262,-0.8593673106602323,0.03751253788659287,-0.13544469588322014,-0.26806432877908576
POWERGRID,Power,-0.7531941966589021,-0.9446922981770991,-0.26059068210520253,-0.4355915109397135,-3.54442250139491,2.2622982441742456
POWERINDIA,Capital Goods,-2.020340118014086,0.2972740182328257,-0.3861036430269824,-0.16339216362771322,0.11550440731425779,-0.9529804099150867
PRAJIND,Capital Goods,0.5489327621543554,-0.2587976176480546,-0.2819908094734845,0.49706470324898283,-0.30827614684900634,1.3514270443421532
PREMIERENE,Capital Goods,-1.062561495845998,-1.5780409204826373,-0.3623707218840605,-0.1776852991801415,0.013486731536882372,-0.8335446135710783
PRESTIGE,Realty,0.0291047930398424,1.1741370795563189,0.3887302562327541,2.5205702259860727,-0.6236558446341702,-0.8080862798188111
RADICO,Fast Moving Consumer Goods,-0.15194469420161383,-0.40216220923773544,-0.7881669809872299,0.2635617628764522,-0.20387526457081365,-0.6068691717466702
RAILTEL,Telecommunication,0.4896110167121562,0.33191946105681397,-2.1723827138055714,0.005995579339581758,0.7602868760006288,-0.2658539571524652
RAINBOW,Healthcare,-0.5435439645431396,-0.7446953520956803,-0.3462460106917487,-0.20060740260235818,-0.09506080340184368,-0.23346324254233117
RAMCOCEM,Construction Materials,-0.6602029408929966,-2.0277875573910844,-0.7302367044487187,-0.33081696354459383,-0.6400460711035044,-0.9045912381487462
RCF,Chemicals,-2.632144092530691,-0.7476015542695675,-0.3140778280449154,-0.9263063920690905,0.45260524725596835,-0.41536718268952105
REDINGTON,Services,1.1053225902297124,0.2687839784888919,-0.0740582434962489,1.984655780443232,-0.20862883676926272,0.9341359062780635
RELIANCE,Oil Gas & Consumable Fuels,-0.6135153096609124,0.9677885115693465,0.19345709246666362,-0.16637203652844493,3.8509305979060513,-1.2716441194253139
RELINFRA,Power,1.8659146844896295,-0.3265217973783169,-0.2166457856407393,-0.6778699893407063,0.29805822506712537,-1.3099876518001417
RHIM,Capital Goods,-0.685142360698989,-0.44756905082084936,-0.26974402522547924,-0.16029826054220328,0.023649779436701462,-0.6821769362801757
RITES,Construction,-1.3014304132305958,-0.44499343837120675,2.8447521071992603,-0.08077803055162767,-1.173349756237126,2.267184091930551
RKFORGE,Automobile and Auto Components,1.0490361913204156,0.06052733514893668,1.0235383027322817,2.787298646157475,0.11860146239476392,-0.537850453543221
RRKABEL,Capital Goods,-0.9499557624216771,0.2148898931294593,0.013289428130578125,-0.1787870429267441,1.4537914452620064,-0.19725233177020443
RVNL,Construction,-1.0415787746244836,1.1253114445779522,-0.6611348194930803,0.3822860519267268,-2.0536746008959845,0.03889797253333497
SAIL,Metals & Mining,-0.2067229159640313,-0.5185010724363414,-0.33403798536995166,-0.8398778991958803,-0.9127017116167754,-0.4286926404907095
SARDAEN,Metals & Mining,0.37655837184691365,1.320884255925063,-0.259084865942092,-0.39947555055127104,0.22531568221750883,-0.4345398366738043
SAREGAMA,Media Entertainment & Publication,-0.04167203345085677,-1.4364920108887937,1.057564820954191,1.0587816691063254,1.1490899780603365,0.6541310750328646
SCI,Services,0.4203601037354201,-1.0270794928495803,0.2253788795809591,-0.5270395850751418,-0.16599490060474933,-1.210638164458574
SHREECEM,Construction Materials,-1.8093813880571825,-0.31918576198035004,-0.5160649879357538,-0.3398705053255672,-0.31851637688578643,0.29010804458264267
SHYAMMETL,Capital Goods,-1.1275267686340098,-0.29026245782503507,-0.30581687164175536,-0.21868749206921206,-0.17237080862811188,-0.677484989942547
SJVN,Power,0.36949925890547003,-1.1719309515587695,-0.26096605325370437,0.035877592012483486,-0.026224547699113945,0.3685225975551962
SKFINDIA,Automobile and Auto Components,1.811619431047768,-0.06968085554619617,0.14454844458573227,-0.14856616299580078,0.7596262609887965,4.392648843083249
SOBHA,Realty,-0.28690817903142296,-0.25270927205564847,-0.7579454864329831,-0.2373798272061568,0.645833881369288,-0.626701501538031
SOLARINDS,Chemicals,-2.0450108236587763,0.3387548750844135,-0.6318207083592712,0.16292191357618319,0.28219727678539125,-0.3342619807592993
SONACOMS,Automobile and Auto Components,-0.44060392947922744,-0.26078314815857473,-0.8060620284859524,-0.19550543519768648,0.4636799436391699,-0.06615783191989343
SONATSOFTW,Information Technology,-0.8220240834293471,-0.2569874537567809,-0.18189418993828999,0.10027179925191572,0.039213618031775914,-0.3788201002621931
SRF,Chemicals,-0.49680309159641795,-0.15681568588756647,-0.30354939442006273,-0.21447182048119048,-1.0758721517869996,-0.35121932147865637
SUMICHEM,Chemicals,0.6559854555711986,-0.20126160295934678,2.73952400030397,0.3219201082566886,0.18675281770684105,-0.3956159140943835
SUNDRMFAST,Automobile and Auto Components,0.3936023516003887,0.2976193882049686,-0.3146386586483818,-0.15735046475522288,1.2775335119444544,0.047087585754134735
SUNPHARMA,Healthcare,-0.2900669755496449,0.027779529696796368,-0.4450409887763336,-0.21380792134893145,-0.12150535963491024,-0.12981211792879613
SUNTV,Media Entertainment & Publication,1.0300126268885799,0.5361224086010911,-0.5514897132009978,-0.13034693612428314,-0.6730039487086613,0.49700023807873334
SUPREMEIND,Capital Goods,-0.3094856419741257,-0.10490899073527359,-0.0914503605259622,-0.11997412795579718,-0.6293704178496523,1.1094687620458712
SWANCORP,Chemicals,1.978604638133995,-0.9781651666874003,-0.676307137752708,-2.2953628700680855,0.0770409309556985,-0.7788133872088838
SYNGENE,Healthcare,-0.8379517957570316,0.4151770251480197,-0.5847678406999982,-0.2627168311258552,-0.4701458130877203,-0.26922896505501226
SYRMA,Capital Goods,-0.24809475354231725,1.057176506302918,-0.7628991057047114,-0.07273925096506846,0.1488667661329231,-0.6122927069679724
TARIL,Capital Goods,0.14136548690678194,-2.1322314417323693,6.519245362437097,-0.12219692103153428,0.00363798403821274,-1.0056155951574866
TATACHEM,Chemicals,-0.2198973763458772,-0.06623719346750413,-0.501341819874191,-0.6384335116072839,-0.9567229821956759,-0.33026287790633707
TATACOMM,Telecommunication,0.3728473503907335,0.46890899894352744,0.06589318167272594,-0.3293442500950241,0.36812849817730225,1.6799247730215856
TATACONSUM,Fast Moving Consumer Goods,-0.4942239113743632,-1.0797397843374907,-0.13412310037075764,-0.1832562116656723,0.23265996196290864,-0.5063109339581424
TATAELXSI,Information Technology,-0.004167205132296097,-0.38325465224169153,1.09852748707802,0.23238681110660936,-1.3817207974569894,0.408752343032663
TATAPOWER,Power,-0.1547638607587776,-0.7880726672928686,-0.2679584987799051,-0.3256901745295017,0.5702801367165613,-0.7249176140875624
TATASTEEL,Metals & Mining,-0.4687944070396526,-0.6354620271217908,-0.5528561309386644,-0.8669705875057904,-0.028273224933060212,-0.25308899997233525
TATATECH,Information Technology,0.08459091047673888,-1.4614126617789576,-0.0674795903771541,0.19864463063349921,-2.9788078595372003,0.05615096833363998
TCS,Information Technology,0.10833790301942033,0.7643522443642471,-0.5437625509109116,0.1386921944712057,0.12249247402616188,3.5468749980388776
TECHM,Information Technology,-0.5741800154388097,-0.5527108407457615,-0.3373743029830343,0.13687190219346326,0.03381501906922664,0.3038223585138798
TECHNOE,Construction,-0.5429570181530761,-1.2494418485037218,0.7467591662835812,0.13673220973744263,0.08311427318629115,-0.568713481234744
THERMAX,Capital Goods,-0.6985626207945446,-0.1005189105358628,-0.25422327264366557,-0.15638185348398354,-4.2514890231963305,-0.24170217853719522
TIINDIA,Automobile and Auto Components,-0.5667350555480168,0.010618167551364006,-0.267711901934756,-0.15604107076748158,-0.2698222119358188,-0.17358889398545393
TIMKEN,Capital Goods,0.017995434703864308,-0.23923118539640847,-0.3936900041461652,-0.08624861467606744,0.47199238010600436,-0.873860066457084
TITAGARH,Capital Goods,1.1571663651516046,0.6879725924358088,0.25557067203342665,-0.6703670432508666,-0.7789580399919287,-0.9429557987120935
TITAN,Consumer Durables,1.7577288311297448,-0.6442243264647418,-0.912337776987292,-0.15975188751191463,-1.6571523728049373,0.1704498170989798
TORNTPHARM,Healthcare,-0.38180788849090697,-0.552294130667154,-0.29778154994357675,-0.14249733649013738,-0.10611417084254486,0.1979723513689284
TORNTPOWER,Power,0.004412837894408584,0.49019529293232295,-0.17952698058231026,-0.12074607319799524,0.32168442447592654,0.4131212350734735
TRENT,Consumer Services,0.6827026613601306,-1.0888281250382241,-0.5803327578231664,-0.09788774361162154,1.6239066646657252,-0.5050413118647692
TRIDENT,Textiles,0.22124900980894624,-1.3485001627977522,-0.6084983094644284,-0.8163033829251218,-0.0676590362171241,-0.3848016032195799
TRITURBINE,Capital Goods,0.9494230702751586,2.3392799314835324,-0.8659471434023563,0.0119190327021086,0.1933751954492204,1.5482866847980858
TRIVENI,Fast Moving Consumer Goods,0.8394760788125494,0.5978692172656005,-1.07283038576718,-1.5945674170740898,-0.38853371793025376,-0.6326830709081277
TVSMOTOR,Automobile and Auto Components,-0.4375183836292052,-0.9413783622478015,-0.3571734972139618,-0.17271097998127002,0.21488041932002808,0.3826986180786696
UBL,Fast Moving Consumer Goods,0.32700276429447106,-0.03997429327883929,-0.38536854220446093,1.8366660646479254,0.40836132903282374,-0.4009607509689456
ULTRACEMCO,Construction Materials,-0.04740915046144579,0.7096629623122912,0.2400501625074811,-0.12983284032537237,-0.7515950211075865,1.6230702014100251
UNITDSPR,Fast Moving Consumer Goods,-0.5476200511071648,-0.34622153469318373,-0.7864764746697801,-0.1930921328520737,-0.09991576261422008,-0.4762074724357356
UNOMINDA,Automobile and Auto Components,-0.16579700226468266,-0.12413421530953517,-0.42380278619897555,-0.0797385213118475,1.0378520653829548,-0.26399531598766524
UPL,Chemicals,-1.2762403661843038,-0.5038411905265702,-0.3633273620877812,-0.9251417235112978,0.06448715940638823,-0.7279593999826443
USHAMART,Capital Goods,-0.2796515464795842,-0.5549824429662211,-0.2415602169603775,-0.1632682301933784,-1.0628247818074716,-0.1486191398294747
VGUARD,Consumer Durables,-0.7586842716581341,-1.1075743300293117,-0.3829023837599931,0.27499008151487736,-0.10064162022666424,-0.5164555098564643
VIJAYA,Healthcare,-0.5424029623257793,-1.5872494344020387,-0.5129585246192665,-0.1516507937905757,-0.11459196852751097,-0.26124801653229074
VOLTAS,Consumer Durables,1.5067254127711116,-0.8366256237731337,-0.6172561427443256,-0.0002042787597763455,-0.24731352673877122,-0.5309791742195734
VTL,Textiles,0.5348650380349532,-0.06443680443241587,0.02804933443012644,-1.2009199079507362,-0.41003795310962365,-0.48161203737476654
WELCORP,Capital Goods,0.14335887199669078,0.7168667524130177,-0.1597414990286917,-0.21415394255349446,0.015897229920715607,-0.5411894899152975
WELSPUNLIV,Textiles,1.4617288498472127,0.5636862519678315,0.9143333499510355,1.0437424298191909,-0.9152859417523662,-0.5170622117515535
WHIRLPOOL,Consumer Durables,-0.45175255366822453,1.3842372872051223,-0.5121863603628616,0.26550929511771737,-0.23553898808447335,-0.6797201283021245
WIPRO,Information Technology,-0.4707625443215881,0.5027526386579753,-0.6038055169622468,0.10558985322488912,0.05074855816290712,-0.34067942571162835
ZEEL,Media Entertainment & Publication,0.35698446763358704,0.10109258174719103,-1.104318864128944,-0.9284347329820419,-0.47608602935167554,-1.1511313131115977
ZENSARTECH,Information Technology,0.5022540436798966,0.25720729244079477,-0.7841511744597757,0.1570660943007941,-0.25450703030653926,-0.5909693750900732
ZENTEC,Capital Goods,2.672134105508827,-0.18985176964937167,2.3644749458365966,-0.5142322586425405,0.059526968009668384,-0.9142336401195256
ZFCVINDIA,Automobile and Auto Components,0.8352751333106383,0.6606165208150652,-0.4094043675274647,0.17049973842353974,0.535229630315321,-0.5770932889783194
ZYDUSLIFE,Healthcare,-0.5136234979420998,-1.9801972018604963,-0.3296113397858289,-0.3273159108623831,-0.14969436676929,-0.26219675120328256
